"name","gender","ptoRanking","swimRanking","bikeRanking","runRanking","country","profilePicture"
"Hayden Wilde","M","1","14","1","2","New Zealand","https://content.protriathletes.org/content/images/2026/04/26221c53-4107-4fe0-aa68-88332af6b168.png"
"Jelle Geens","M","2","8","5","3","Belgium","https://content.protriathletes.org/content/images/2025/04/027aaf17-2108-4a10-b182-06a7e5b91745.png"
"Mika Noodt","M","3","11","3","13","Germany","https://content.protriathletes.org/content/images/2026/04/b7e5317c-b1f8-4502-9e63-de49b0196dbf.png"
"Morgan Pearson","M","4","1","29","1","United States of America","https://content.protriathletes.org/content/images/2025/05/cd7f392e-8ebc-4dfb-b34f-ade703e6186a.png"
"Kristian Blummenfelt","M","5","55","13","6","Norway","https://content.protriathletes.org/content/images/2023/05/de470021-5e6d-4dc6-a008-7060dc46650b.png"
"Samuel Dickinson","M","6","2","6","21","Great Britain","https://content.protriathletes.org/content/images/2026/04/dcd79a2d-f951-43cf-8a98-73e1a4c9664c.png"
"Marten Van Riel","M","7","6","8","10","Belgium","https://content.protriathletes.org/content/images/2025/04/dc5ffe8b-c945-4245-886c-09323578339d.png"
"Mathis Margirier","M","8","17","4","17","France","https://content.protriathletes.org/content/images/2026/04/1e9e3a52-6548-4c13-ac03-a018cd9346de.png"
"Jonas Schomburg","M","9","5","7","14","Germany","https://content.protriathletes.org/content/images/2026/04/63eb8576-4f21-4995-884c-92ba5883726e.png"
"Rico Bogen","M","10","10","2","30","Germany","https://content.protriathletes.org/content/images/2025/04/f74dafd8-5be0-408e-a429-a56b4985b235.png"
"Casper Stornes","M","11","28","22","8","Norway","https://content.protriathletes.org/content/images/2021/09/3cb09a82-7acb-4b0e-8777-5c1917752717.png"
"Menno Koolhaas","M","12","4","16","9","Netherlands","https://content.protriathletes.org/content/images/2026/04/3699c62e-afe1-410c-a39b-61ba84bf05ed.png"
"Youri Keulen","M","13","16","14","4","Netherlands","https://content.protriathletes.org/content/images/2026/04/a290d4e2-2697-482c-8bf3-b3c601183607.png"
"Gregory Barnaby","M","14","18","11","19","Italy","https://content.protriathletes.org/content/images/2025/04/0dc1628a-f357-4cae-b2af-0380baacd878.png"
"Matthew Marquardt","M","15","36","18","25","United States of America","https://content.protriathletes.org/content/images/2023/09/56ef8d58-7d0e-4b0d-af58-672d6b83dd8a.png"
"Vincent Luis","M","16","3","27","18","France","https://content.protriathletes.org/content/images/2025/04/c9ee798d-c5e7-486a-9987-0a40bb1cc898.png"
"Sam Laidlow","M","17","45","10","43","France","https://content.protriathletes.org/content/images/2024/05/a00fad65-e689-4567-bd9f-912ab5d99c87.png"
"Jason West","M","18","24","52","5","United States of America","https://content.protriathletes.org/content/images/2025/05/186e9c08-a7b8-4075-851b-4fe2893cf2d8.png"
"Antonio Benito López","M","19","12","23","23","Spain","https://content.protriathletes.org/content/images/2025/04/b393e44b-6157-406b-8c8c-157c8183b96c.png"
"Wilhelm Hirsch","M","20","7","34","15","Germany","https://content.protriathletes.org/content/images/2026/04/0f20d2ca-e768-48d3-a5ee-8c8cb98e8efa.png"
"Jake Birtwhistle","M","21","30","36","11","Australia","https://content.protriathletes.org/content/images/2026/04/cb564a87-e416-4b0f-a7ba-4fb28fa9540e.png"
"Sam Long","M","22","153","17","12","United States of America","https://content.protriathletes.org/content/images/2025/04/8a35ae23-3d28-4745-8398-1820c73c7f91.png"
"Kristian Høgenhaug","M","23","60","15","57","Denmark","https://content.protriathletes.org/content/images/2023/05/3b10ad31-f22e-426a-85e7-3d27a0bb18a3.png"
"Trevor Foley","M","24","205","21","34","United States of America","https://content.protriathletes.org/content/images/2022/01/ca7e0460-5c1d-44eb-b5ee-4dea63ec9cd2.png"
"Nick Thompson","M","25","76","12","64","Australia","https://content.protriathletes.org/content/images/2023/09/56ef8d58-7d0e-4b0d-af58-672d6b83dd8a.png"
"Gregor Payet","M","26","69","51","32","Luxembourg","https://content.protriathletes.org/content/images/2026/04/efe9a9fc-e623-4731-8f17-881228990dcc.png"
"Will Draper","M","27","140","9","36","Great Britain","https://content.protriathletes.org/content/images/2025/06/b0dc8e4f-4465-43dd-97ca-d91c2fdf0248.png"
"Jamie Riddle","M","28","9","20","77","South Africa","https://content.protriathletes.org/content/images/2025/05/8384b3b7-6c23-4947-b60f-19721b22ac3c.png"
"Guillem Montiel","M","29","33","32","70","Spain","https://content.protriathletes.org/content/images/2025/09/ade3caa3-7cd3-4e34-845a-0adc5b03e36e.png"
"Gustav Iden","M","30","108","19","33","Norway","https://content.protriathletes.org/content/images/2023/03/91dc01ce-696c-4840-b54c-67c0186924f6.png"
"Michele Bortolamedi","M","31","20","48","58","Italy","https://content.protriathletes.org/content/images/2025/09/2e8a4169-4115-47f4-aabc-e78632a9acc5.png"
"Fabian Kraft","M","32","25","69","24","Germany","https://content.protriathletes.org/content/images/2025/09/c888e832-4a93-4e6a-9be8-45b26c0b0c48.png"
"Harry Palmer","M","33","65","46","37","Great Britain","https://content.protriathletes.org/content/images/2025/08/5c1bfcc9-a1ea-4304-b2e0-f04fa3a5fcd1.png"
"Lasse Nygaard Priester","M","34","52","62","16","Germany","https://content.protriathletes.org/content/images/2026/04/efe9a9fc-e623-4731-8f17-881228990dcc.png"
"Cameron Main","M","35","31","60","53","Great Britain","https://content.protriathletes.org/content/images/2026/04/efe9a9fc-e623-4731-8f17-881228990dcc.png"
"Finn Große-Freese","M","36","26","64","54","Germany","https://content.protriathletes.org/content/images/2023/05/3b10ad31-f22e-426a-85e7-3d27a0bb18a3.png"
"Henrik Goesch","M","37","43","61","31","Finland","https://content.protriathletes.org/content/images/2026/04/b8333817-7511-4fdc-81c1-349221a08b39.png"
"Sam Appleton","M","38","58","50","87","Australia","https://content.protriathletes.org/content/images/2024/06/b870ae35-bc8c-4baa-bdb2-c8ec1001274c.png"
"Frederic Funk","M","39","78","30","46","Germany","https://content.protriathletes.org/content/images/2025/04/897c621e-89d8-41e9-8658-a13a426bfa48.png"
"Rudy Von Berg","M","40","53","37","75","United States of America","https://content.protriathletes.org/content/images/2024/05/c08b8f75-ad7b-4e11-b177-68e2fb45b841.png"
"Henry Räppo","M","41","21","41","63","Estonia","https://content.protriathletes.org/content/images/2026/04/bf69f202-d926-4a5e-ab4f-fd995661ea65.png"
"Matt Hanson","M","42","131","132","7","United States of America","https://content.protriathletes.org/content/images/2023/03/233a0871-4fe5-4e0c-a663-95cc17519e82.png"
"Pieter Heemeryck","M","43","48","39","44","Belgium","https://content.protriathletes.org/content/images/2026/04/705e9f59-d712-40e4-b6a9-002d5b2afac3.png"
"Mike Phillips","M","44","97","33","50","New Zealand","https://content.protriathletes.org/content/images/2025/10/870853d9-7f5b-4f7c-8a20-197bf9f5f216.png"
"Kurt McDonald","M","45","47","35","82","Australia","https://content.protriathletes.org/content/images/2026/04/c106c407-6e7f-4854-a209-dae16a9f8aff.png"
"Jackson Laundry","M","46","145","25","81","Canada","https://content.protriathletes.org/content/images/2025/06/b7b17947-0a0d-42ed-9bde-0bd9d4c67303.png"
"Leonard Arnold","M","47","129","45","35","Germany","https://content.protriathletes.org/content/images/2024/05/c08b8f75-ad7b-4e11-b177-68e2fb45b841.png"
"Kyle Smith","M","48","15","31","72","New Zealand","https://content.protriathletes.org/content/images/2026/04/a9db1e29-a6c6-49f2-a2a7-5f55949c203e.png"
"Dylan Magnien","M","49","29","94","28","France","https://content.protriathletes.org/content/images/2026/04/31ba216f-4d66-4b1c-9d63-5e43bcd2de1d.png"
"Josh Ferris","M","50","38","70","74","Australia","https://content.protriathletes.org/content/images/2026/04/c106c407-6e7f-4854-a209-dae16a9f8aff.png"
"Jannik Schaufler","M","51","22","74","56","Germany","https://content.protriathletes.org/content/images/2026/04/41714113-2e61-4bb8-97d9-22967802462f.png"
"Jonas Hoffmann","M","52","106","73","48","Germany","https://content.protriathletes.org/content/images/2025/08/ac3e163e-eae1-49cf-99a2-c8a0acf93dd0.png"
"Valdemar Solok","M","53","42","38","134","Denmark","https://content.protriathletes.org/content/images/2024/06/0168237f-f516-40cd-83b9-33f0f24d18d5.png"
"Ben Kanute","M","54","23","59","88","United States of America","https://content.protriathletes.org/content/images/2024/05/a86b6ce1-58d4-481e-ba12-904f9f47f65b.png"
"Mathias Petersen","M","55","74","91","52","Denmark","https://content.protriathletes.org/content/images/2023/05/a58bbc78-6019-4190-bca3-a1778c2870aa.png"
"Jarrod Osborne","M","56","135","96","22","Australia","https://content.protriathletes.org/content/images/2025/10/7629bba4-aa1a-4ed8-a5da-be88c8917a09.png"
"Kieran Lindars","M","57","39","86","78","Great Britain","https://content.protriathletes.org/content/images/2021/05/6dcce918-c06d-4605-8c79-23d4a660af7f.png"
"Ari Klau","M","58","349","90","20","United States of America","https://content.protriathletes.org/content/images/2024/05/a86b6ce1-58d4-481e-ba12-904f9f47f65b.png"
"Nicolas Mann","M","59","54","53","79","Germany","https://content.protriathletes.org/content/images/2025/04/192fbccd-21f7-4e0a-94a0-bce23548616f.png"
"Kevin McDowell","M","60","66","95","90","United States of America","https://content.protriathletes.org/content/images/2025/08/c580a639-7708-4e30-bb36-ced65e3a185c.png"
"Colin Szuch","M","61","180","49","76","United States of America","https://content.protriathletes.org/content/images/2025/08/c580a639-7708-4e30-bb36-ced65e3a185c.png"
"Caleb Noble","M","62","68","87","107","Australia","https://content.protriathletes.org/content/images/2025/10/0b55ef95-673b-4d66-be1d-5e86452c89db.png"
"Robert Kallin","M","63","80","24","138","Sweden","https://content.protriathletes.org/content/images/2023/05/48636403-a408-490e-9365-e075fe25573b.png"
"Louis Richard","M","64","394","42","42","France","https://content.protriathletes.org/content/images/2023/11/d85dece4-ef8f-4798-b47b-434d65d6ce54.png"
"Joe Skipper","M","65","192","44","94","Great Britain","https://content.protriathletes.org/content/images/2023/03/efa7f753-6a3d-4027-b118-b066f2377493.png"
"Cameron Wurf","M","66","156","26","99","Australia","https://content.protriathletes.org/content/images/2023/05/eef64edf-2ce8-4796-a803-322d79a324be.png"
"Kacper Stepniak","M","67","32","79","73","Poland","https://content.protriathletes.org/content/images/2024/05/b8290452-918c-4724-b5c7-cd6c1112fcfe.png"
"Jack Moody","M","68","154","125","39","New Zealand","https://content.protriathletes.org/content/images/2021/05/e5d1a030-601e-46ff-a03e-21f078c100c0.png"
"Jack Hutchens","M","69","61","122","105","Great Britain","https://content.protriathletes.org/content/images/2025/08/f4131f79-3a87-409d-be89-41b2c1999b9a.png"
"Michele Sarzilla","M","70","46","154","38","Italy","https://content.protriathletes.org/content/images/2026/04/41714113-2e61-4bb8-97d9-22967802462f.png"
"Damien Le Mesnager","M","71","250","55","68","France","https://content.protriathletes.org/content/images/2024/05/fa73108d-35aa-47eb-8680-930e1ceda057.png"
"Simon Viain","M","72","62","88","71","France","https://content.protriathletes.org/content/images/2024/06/0168237f-f516-40cd-83b9-33f0f24d18d5.png"
"Marcel Bolbat","M","73","228","82","62","Germany","https://content.protriathletes.org/content/images/2026/01/d53fa2fd-6f37-435c-a56e-5dab00f60be9.png"
"Jan Stratmann","M","74","41","43","146","Germany","https://content.protriathletes.org/content/images/2024/07/2ac54e23-6f2f-4216-9461-a7f7b663a920.png"
"James Teagle","M","75","120","127","29","Great Britain","https://content.protriathletes.org/content/images/2024/10/b873606f-573e-42d7-b076-b6db2a297b34.png"
"Jordi Montraveta Moya","M","76","279","89","55","Spain","https://content.protriathletes.org/content/images/2021/05/c57a1924-531a-40fa-9031-a1a8c87d2afd.png"
"Gabriel Sandoer","M","77","88","120","40","Sweden","https://content.protriathletes.org/content/images/2023/03/d9a508a4-8ee8-4f7c-900e-ce811f762a3d.png"
"Brock Hoel","M","78","44","102","91","Canada","https://content.protriathletes.org/content/images/2025/08/c580a639-7708-4e30-bb36-ced65e3a185c.png"
"Ognjen Stojanović","M","79","57","118","60","Serbia","https://content.protriathletes.org/content/images/2026/01/d53fa2fd-6f37-435c-a56e-5dab00f60be9.png"
"Filipe Azevedo","M","80","72","78","118","Portugal","https://content.protriathletes.org/content/images/2025/11/fa3cda23-1281-467e-b58b-24e7a418b345.png"
"Marc Dubrick","M","81","19","105","96","United States of America","https://content.protriathletes.org/content/images/2025/05/8abd6911-6485-47f2-830f-9a631930d72a.png"
"Zack Cooper","M","82","320","57","49","Great Britain","https://content.protriathletes.org/content/images/2025/06/01cc1ddd-c3b4-4929-8cff-5c77a46a260d.png"
"Jon Sæverås Breivold","M","83","346","54","103","Norway","https://content.protriathletes.org/content/images/2026/01/d53fa2fd-6f37-435c-a56e-5dab00f60be9.png"
"Kieran Storch","M","84","177","63","65","Australia","https://content.protriathletes.org/content/images/2025/10/d920c296-0627-4db6-be40-bf21d1f25def.png"
"Jesper Svensson","M","85","85","47","128","Sweden","https://content.protriathletes.org/content/images/2021/04/236a15b9-1342-42c3-bdf2-44d77922f646.png"
"Florian Angert","M","86","40","109","101","Germany","https://content.protriathletes.org/content/images/2023/05/b7707bcd-3b31-4f1d-ba9e-99bae03ed0ac.png"
"Rostislav Pevtsov","M","87","70","158","61","Ukraine","https://content.protriathletes.org/content/images/2023/03/d9a508a4-8ee8-4f7c-900e-ce811f762a3d.png"
"Léon Chevalier","M","88","187","40","123","France","https://content.protriathletes.org/content/images/2024/05/fa73108d-35aa-47eb-8680-930e1ceda057.png"
"Sam Osborne","M","89","59","93","104","New Zealand","https://content.protriathletes.org/content/images/2025/10/46be25a6-8e72-4445-b1b6-49073d31576f.png"
"Paul Schuster","M","90","56","97","66","Germany","https://content.protriathletes.org/content/images/2024/07/6770cf68-5684-494b-acdd-8692e92947fc.png"
"Luciano Taccone","M","91","150","98","83","Argentina","https://content.protriathletes.org/content/images/2022/06/27a6ec17-4a79-443b-8fe8-a0db54a26ae2.png"
"Ondrej Kubo","M","92","222","81","59","Slovakia","https://content.protriathletes.org/content/images/2025/10/ab2a37ee-0b63-4b64-8440-36299ba7c810.png"
"Marius Bjerkeset","M","93","269","28","129","Norway","https://content.protriathletes.org/content/images/2023/11/cacdd9f7-fb60-47b1-b45b-f6c8238ec66c.png"
"Jack Sosinski","M","94","64","110","98","Australia","https://content.protriathletes.org/content/images/2025/10/c0161b21-a5b6-40ad-bdf9-231bf4096888.png"
"Jens Emil Nielsen","M","95","322","147","41","Denmark","https://cdn.pixabay.com/photo/2015/10/05/22/37/blank-profile-picture-973460_640.png"
"Luke Jones","M","96","139","100","116","United States of America","https://cdn.pixabay.com/photo/2015/10/05/22/37/blank-profile-picture-973460_640.png"
"Joran Driesen","M","97","155","124","67","Belgium","https://content.protriathletes.org/content/images/2026/01/d53fa2fd-6f37-435c-a56e-5dab00f60be9.png"
"Dieter Comhair","M","98","233","75","102","Belgium","https://content.protriathletes.org/content/images/2024/06/36b3028a-35a3-42c3-a4e8-4e6c6f591c4c.png"
"Louis Buttrick","M","99","158","146","84","Great Britain","https://cdn.pixabay.com/photo/2015/10/05/22/37/blank-profile-picture-973460_640.png"
"Josh Amberger","M","100","27","139","115","Australia","https://content.protriathletes.org/content/images/2025/10/c0161b21-a5b6-40ad-bdf9-231bf4096888.png"
"Louis Woodgate","M","101","73","65","188","Greece","https://cdn.pixabay.com/photo/2015/10/05/22/37/blank-profile-picture-973460_640.png"
"Michael Weiss","M","102","253","85","124","Austria","https://content.protriathletes.org/content/images/2023/04/6c74d135-a32f-43e7-af43-b50dd590c90b.png"
"Federico Scarabino","M","103","105","76","154","Uruguay","https://content.protriathletes.org/content/images/2022/06/27a6ec17-4a79-443b-8fe8-a0db54a26ae2.png"
"Mikel Ugarte Ramos","M","104","148","148","86","Spain","https://cdn.pixabay.com/photo/2015/10/05/22/37/blank-profile-picture-973460_640.png"
"Matthew Collins","M","105","83","123","108","Great Britain","https://content.protriathletes.org/content/images/2025/02/58d77ad3-8222-4035-bc93-c917b4951032.png"
"Chris Leiferman","M","106","198","101","93","United States of America","https://content.protriathletes.org/content/images/2023/03/e8f22664-0549-4661-be4e-d529c19b1db0.png"
"Will Grace","M","107","123","176","51","Great Britain","https://cdn.pixabay.com/photo/2015/10/05/22/37/blank-profile-picture-973460_640.png"
"Andrea Salvisberg","M","108","13","107","135","Switzerland","https://content.protriathletes.org/content/images/2023/05/514a92cd-9ee6-4bb4-8604-8fa74a520ae0.png"
"Fernando Toldi","M","109","111","145","100","Brazil","https://content.protriathletes.org/content/images/2021/05/a6e2c3f7-3786-43e9-ba0a-913cb11d943b.png"
"Joshua Lewis","M","110","50","72","219","Great Britain","https://content.protriathletes.org/content/images/2024/06/36b3028a-35a3-42c3-a4e8-4e6c6f591c4c.png"
"Vicente Hernandez","M","111","79","203","110","Spain","https://content.protriathletes.org/content/images/2022/06/5b814796-1983-413a-95f2-1c4082a00128.png"
"Rafael Lukatsch","M","112","104","149","106","Austria","https://cdn.pixabay.com/photo/2015/10/05/22/37/blank-profile-picture-973460_640.png"
"Dominik Sowieja","M","113","200","58","95","Germany","https://content.protriathletes.org/content/images/2021/07/c65f7205-b274-4bc2-99ae-76f6ef032264.png"
"Benjamin Zorgnotti","M","114","90","92","177","France","https://content.protriathletes.org/content/images/2023/03/e8f22664-0549-4661-be4e-d529c19b1db0.png"
"Antony Costes","M","115","118","84","139","France","https://content.protriathletes.org/content/images/2022/06/5b814796-1983-413a-95f2-1c4082a00128.png"
"Tom Vaelen","M","116","84","68","235","Belgium","https://cdn.pixabay.com/photo/2015/10/05/22/37/blank-profile-picture-973460_640.png"
"Sven Oliver Thalmann","M","117","37","196","120","Switzerland","https://cdn.pixabay.com/photo/2015/10/05/22/37/blank-profile-picture-973460_640.png"
"Thomas Navarro","M","118","285","155","131","France","https://content.protriathletes.org/content/images/2022/07/69459f23-d8b0-46e0-9736-5f78e2eb6258.png"
"Valentin Rouvier","M","119","168","108","140","France","https://content.protriathletes.org/content/images/2026/05/78599c67-713f-4004-973f-b7fd7b9b97e6.png"
"Thomas Davis","M","120","86","173","126","Great Britain","https://content.protriathletes.org/content/images/2026/05/78599c67-713f-4004-973f-b7fd7b9b97e6.png"
"Trent Thorpe","M","121","75","66","145","New Zealand","https://cdn.pixabay.com/photo/2015/10/05/22/37/blank-profile-picture-973460_640.png"
"Gábor Faldum","M","122","146","172","112","Hungary","https://content.protriathletes.org/content/images/2026/05/78599c67-713f-4004-973f-b7fd7b9b97e6.png"
"Emmanuel Lejeune","M","123","143","262","45","Belgium","https://content.protriathletes.org/content/images/2026/05/78599c67-713f-4004-973f-b7fd7b9b97e6.png"
"Miguel Mattox","M","124","63","111","153","United States of America","https://content.protriathletes.org/content/images/2026/01/e1e583fd-d5e4-49e5-9056-38b1c2e14462.png"
"Connor Weaver","M","125","310","289","26","United States of America","https://cdn.pixabay.com/photo/2015/10/05/22/37/blank-profile-picture-973460_640.png"
"Bart Aernouts","M","126","244","80","117","Belgium","https://content.protriathletes.org/content/images/2021/03/7cbee562-3d1d-4da1-b4c8-163ed4e5d0f5.png"
"Hannes Butters","M","127","34","67","258","Germany","https://content.protriathletes.org/content/images/2026/05/78599c67-713f-4004-973f-b7fd7b9b97e6.png"
"Robin Dupuy","M","128","224","265","309","France","https://cdn.pixabay.com/photo/2015/10/05/22/37/blank-profile-picture-973460_640.png"
"Florent Lefebvre","M","129","272","143","89","France","https://content.protriathletes.org/content/images/2026/05/78599c67-713f-4004-973f-b7fd7b9b97e6.png"
"Quentin Barreau","M","130","93","199","125","France","https://content.protriathletes.org/content/images/2026/03/4541d08f-f8d6-409d-b036-4ac1b20f9f13.png"
"Roland Crantock","M","131","186","77","198","Australia","https://cdn.pixabay.com/photo/2015/10/05/22/37/blank-profile-picture-973460_640.png"
"Andre Lopes","M","132","126","188","109","Brazil","https://content.protriathletes.org/content/images/2021/04/5ecc6ee7-7803-4928-bf1a-ad388412df1a.png"
"Julien Hagen","M","133","194","159","151","Belgium","https://content.protriathletes.org/content/images/2026/03/4541d08f-f8d6-409d-b036-4ac1b20f9f13.png"
"Nicholas Free","M","134","115","157","155","Australia","https://content.protriathletes.org/content/images/2023/02/31dd7be1-9b57-42be-93f1-9d93d48df2a5.png"
"Ivan Abele","M","135","77","83","233","New Zealand","https://cdn.pixabay.com/photo/2015/10/05/22/37/blank-profile-picture-973460_640.png"
"Nicholas Holmes","M","136","149","278","69","United States of America","https://content.protriathletes.org/content/images/2026/01/e1e583fd-d5e4-49e5-9056-38b1c2e14462.png"
"William Mennesson","M","137","183","153","121","France","https://content.protriathletes.org/content/images/2022/07/69459f23-d8b0-46e0-9736-5f78e2eb6258.png"
"Pamphiel Pareyn","M","138","107","135","169","Belgium","https://content.protriathletes.org/content/images/2023/11/836159c8-8503-4898-9218-da6e5aee122e.png"
"Simon Davis","M","139","216","137","150","Great Britain","https://content.protriathletes.org/content/images/2023/11/836159c8-8503-4898-9218-da6e5aee122e.png"
"Nathan Guerbeur","M","140","176","129","173","France","https://content.protriathletes.org/content/images/2021/03/7cbee562-3d1d-4da1-b4c8-163ed4e5d0f5.png"
"Arnaud Guilloux","M","141","190","103","130","France","https://content.protriathletes.org/content/images/2021/10/61c89fcb-5663-4daf-90e1-0c042deab472.png"
"Emil Holm","M","142","71","152","183","Denmark","https://content.protriathletes.org/content/images/2022/07/69459f23-d8b0-46e0-9736-5f78e2eb6258.png"
"Janne Buettel","M","143","98","117","259","Germany","https://content.protriathletes.org/content/images/2021/03/7cbee562-3d1d-4da1-b4c8-163ed4e5d0f5.png"
"Andy Krueger","M","144","122","138","167","United States of America","https://content.protriathletes.org/content/images/2021/04/5ecc6ee7-7803-4928-bf1a-ad388412df1a.png"
"Almog Elazary","M","145","175","239","47","Israel","https://cdn.pixabay.com/photo/2015/10/05/22/37/blank-profile-picture-973460_640.png"
"Tristan Olij","M","146","202","169","152","Netherlands","https://cdn.pixabay.com/photo/2015/10/05/22/37/blank-profile-picture-973460_640.png"
"Dorian Muller","M","147","371","170","113","France","https://content.protriathletes.org/content/images/2022/07/69459f23-d8b0-46e0-9736-5f78e2eb6258.png"
"Matt Kerr","M","148","189","151","133","New Zealand","https://content.protriathletes.org/content/images/2025/10/d696a943-8cef-4c45-b16c-d69ef75f3090.png"
"Reinaldo Colucci","M","149","161","130","165","Brazil","https://content.protriathletes.org/content/images/2022/09/6969d87d-ff4c-4060-9a6a-b98d522d3180.png"
"Matt McWilliams","M","150","378","183","85","United States of America","https://content.protriathletes.org/content/images/2021/04/d2f6764d-64f4-4ae1-a8ac-94cf8ee68701.png"
"Pierre Dupuy","M","151","51","104","260","France","https://cdn.pixabay.com/photo/2015/10/05/22/37/blank-profile-picture-973460_640.png"
"David Reynolds","M","152","204","186","80","United States of America","https://cdn.pixabay.com/photo/2015/10/05/22/37/blank-profile-picture-973460_640.png"
"Ben Hamilton","M","153","163","121","174","New Zealand","https://content.protriathletes.org/content/images/2025/10/d696a943-8cef-4c45-b16c-d69ef75f3090.png"
"Oliver Turner","M","154","81","141","203","Great Britain","https://content.protriathletes.org/content/images/2024/06/61f36a3e-f3cc-4d5d-88bd-420f272347e4.png"
"Cedric Osterholt","M","155","49","156","184","Germany","https://cdn.pixabay.com/photo/2015/10/05/22/37/blank-profile-picture-973460_640.png"
"Patrick Lange","M","156","165","246","97","Germany","https://content.protriathletes.org/content/images/2025/10/1f180d3e-4c1c-4975-a281-f1d3fb3dd37b.png"
"Zachary Bernier-Michaud","M","157","252","150","132","Canada","https://content.protriathletes.org/content/images/2021/10/61c89fcb-5663-4daf-90e1-0c042deab472.png"
"Justin Metzler","M","158","125","180","182","United States of America","https://content.protriathletes.org/content/images/2021/04/d2f6764d-64f4-4ae1-a8ac-94cf8ee68701.png"
"Nathan Dortmann","M","159","284","179","143","France","https://cdn.pixabay.com/photo/2015/10/05/22/37/blank-profile-picture-973460_640.png"
"Andrew Horsfall-Turner","M","160","35","106","218","Great Britain","https://cdn.pixabay.com/photo/2015/10/05/22/37/blank-profile-picture-973460_640.png"
"Sebastian Fuchs","M","161","329","193","127","Austria","https://cdn.pixabay.com/photo/2015/10/05/22/37/blank-profile-picture-973460_640.png"
"Leon Pauger","M","162","95","185","194","Austria","https://content.protriathletes.org/content/images/2023/09/78b3c383-9ef0-40b9-afc2-7c505c9ce106.png"
"Lukas Kocar","M","163","170","191","180","Czechia","https://content.protriathletes.org/content/images/2021/04/cf75aa2d-d44a-40bc-9088-816caf9b85ad.png"
"Martin Baeza Munoz","M","164","94","166","186","Chile","https://content.protriathletes.org/content/images/2022/09/6969d87d-ff4c-4060-9a6a-b98d522d3180.png"
"Nick Emde","M","165","112","112","225","Germany","https://cdn.pixabay.com/photo/2015/10/05/22/37/blank-profile-picture-973460_640.png"
"John Killeen","M","166","331","133","122","United States of America","https://cdn.pixabay.com/photo/2015/10/05/22/37/blank-profile-picture-973460_640.png"
"Jonathan Guisolan","M","167","270","56","249","Switzerland","https://content.protriathletes.org/content/images/2024/06/61f36a3e-f3cc-4d5d-88bd-420f272347e4.png"
"Julen Lopetegui Garcia","M","168","362","131","191","Spain","https://content.protriathletes.org/content/images/2023/09/78b3c383-9ef0-40b9-afc2-7c505c9ce106.png"
"Carlos Oliver Vives","M","169","179","205","185","Spain","https://cdn.pixabay.com/photo/2015/10/05/22/37/blank-profile-picture-973460_640.png"
"Calvin Amos","M","170","255","164","142","Australia","https://cdn.pixabay.com/photo/2015/10/05/22/37/blank-profile-picture-973460_640.png"
"Thomas Steger","M","171","502","364","341","Austria","https://content.protriathletes.org/content/images/2021/04/cf75aa2d-d44a-40bc-9088-816caf9b85ad.png"
"Jannik Stoll","M","172","117","71","313","Germany","https://content.protriathletes.org/content/images/2021/04/cf75aa2d-d44a-40bc-9088-816caf9b85ad.png"
"Lilian Pierre","M","173","188","277","92","France","https://cdn.pixabay.com/photo/2015/10/05/22/37/blank-profile-picture-973460_640.png"
"Anders Toft Nielsen","M","174","402","126","136","Denmark","https://cdn.pixabay.com/photo/2015/10/05/22/37/blank-profile-picture-973460_640.png"
"Nils Huckschlag","M","175","208","114","281","Germany","https://cdn.pixabay.com/photo/2015/10/05/22/37/blank-profile-picture-973460_640.png"
"Alexandre Alvarez Ferreira","M","176","181","189","202","Spain","https://content.protriathletes.org/content/images/2023/09/78b3c383-9ef0-40b9-afc2-7c505c9ce106.png"
"Arne Leiss","M","177","82","160","264","Germany","https://cdn.pixabay.com/photo/2015/10/05/22/37/blank-profile-picture-973460_640.png"
"Connor Ford","M","178","309","168","159","United States of America","https://cdn.pixabay.com/photo/2015/10/05/22/37/blank-profile-picture-973460_640.png"
"Vincent Groeßer","M","180","294","99","176","Germany","https://content.protriathletes.org/content/images/2021/05/438dd308-0fbc-4f88-bbde-a2ae2dd68d2d.png"
"Thomas Ott","M","181","138","174","274","Germany","https://cdn.pixabay.com/photo/2015/10/05/22/37/blank-profile-picture-973460_640.png"
"Wojciech Kopycinski","M","182","240","142","238","Poland","https://content.protriathletes.org/content/images/2021/05/438dd308-0fbc-4f88-bbde-a2ae2dd68d2d.png"
"Alexander Richter","M","183","264","208","144","Germany","https://cdn.pixabay.com/photo/2015/10/05/22/37/blank-profile-picture-973460_640.png"
"Joao Ferreira","M","184","184","161","181","Portugal","https://content.protriathletes.org/content/images/2023/03/509fd8a4-9c3b-4b22-9d79-a0aa28b98fdb.png"
"Jye Spriggs","M","185","299","175","137","Australia","https://cdn.pixabay.com/photo/2015/10/05/22/37/blank-profile-picture-973460_640.png"
"Benjamin Hill","M","186","227","190","179","Australia","https://cdn.pixabay.com/photo/2015/10/05/22/37/blank-profile-picture-973460_640.png"
"Martin Ulloa","M","187","127","136","245","Chile","https://content.protriathletes.org/content/images/2023/01/67941d0d-69d6-41bf-b679-3ba0fa80fdcb.png"
"Michiel Stockman","M","188","359","194","111","Belgium","https://cdn.pixabay.com/photo/2015/10/05/22/37/blank-profile-picture-973460_640.png"
"Tomasz Szala","M","189","162","144","213","Poland","https://content.protriathletes.org/content/images/2021/05/438dd308-0fbc-4f88-bbde-a2ae2dd68d2d.png"
"Mathieu Merland","M","190","232","258","119","France","https://cdn.pixabay.com/photo/2015/10/05/22/37/blank-profile-picture-973460_640.png"
"Mark Romano","M","191","96","231","220","United States of America","https://content.protriathletes.org/content/images/2021/05/ee194832-8232-45ba-8830-3c07c75b043c.png"
"Danilo Pimentel","M","192","121","204","286","Brazil","https://cdn.pixabay.com/photo/2015/10/05/22/37/blank-profile-picture-973460_640.png"
"Nicholas Chase","M","193","217","192","209","United States of America","https://content.protriathletes.org/content/images/2021/05/ee194832-8232-45ba-8830-3c07c75b043c.png"
"Malachi Cashmore","M","194","100","202","254","Great Britain","https://content.protriathletes.org/content/images/2023/11/711a9c34-c01d-4e7d-9b89-13d2ea9cbb01.png"
"Rhys Corbishley","M","195","365","216","114","Australia","https://cdn.pixabay.com/photo/2015/10/05/22/37/blank-profile-picture-973460_640.png"
"Enzo Krauss","M","196","199","209","196","Brazil","https://cdn.pixabay.com/photo/2015/10/05/22/37/blank-profile-picture-973460_640.png"
"Justus Nieschlag","M","197","91","221","199","Germany","https://content.protriathletes.org/content/images/2025/04/afa73a35-c641-47eb-a606-9186ee196df3.png"
"Mitch Wismans","M","198","213","237","163","Netherlands","https://cdn.pixabay.com/photo/2015/10/05/22/37/blank-profile-picture-973460_640.png"
"Sebastian Norberg","M","199","440","197","156","Sweden","https://cdn.pixabay.com/photo/2015/10/05/22/37/blank-profile-picture-973460_640.png"
"Sam Musgrove","M","200","231","222","187","Australia","https://cdn.pixabay.com/photo/2015/10/05/22/37/blank-profile-picture-973460_640.png"
"Ernest Mantell","M","201","196","211","162","United States of America","https://content.protriathletes.org/content/images/2024/06/7c0191f5-313f-4500-b1c5-0a3500c171a8.png"
"Andrea Figini","M","202","267","128","287","Italy","https://content.protriathletes.org/content/images/2025/05/67c49aaf-745c-4dc8-8533-f78592073ef9.png"
"Paulin Philippe","M","203","114","195","236","France","https://content.protriathletes.org/content/images/2021/03/ec0398a8-457c-4a53-853e-ca8974331821.png"
"Giel Meesen","M","204","297","116","195","Netherlands","https://content.protriathletes.org/content/images/2023/11/711a9c34-c01d-4e7d-9b89-13d2ea9cbb01.png"
"Neilan Kempmann","M","205","92","184","276","Germany","https://content.protriathletes.org/content/images/2021/06/c79b4c80-ee33-45ca-bab7-e5a40596c9cb.png"
"Joost Friderichs","M","206","234","119","261","Netherlands","https://content.protriathletes.org/content/images/2023/11/711a9c34-c01d-4e7d-9b89-13d2ea9cbb01.png"
"Matthew Kaminer","M","207","328","206","206","South Africa","https://content.protriathletes.org/content/images/2025/05/67c49aaf-745c-4dc8-8533-f78592073ef9.png"
"Erwan Jacobi","M","208","185","201","265","France","https://cdn.pixabay.com/photo/2015/10/05/22/37/blank-profile-picture-973460_640.png"
"Clement Grandy","M","209","495","235","160","France","https://cdn.pixabay.com/photo/2015/10/05/22/37/blank-profile-picture-973460_640.png"
"Thomas Teofili","M","210","229","366","367","France","https://cdn.pixabay.com/photo/2015/10/05/22/37/blank-profile-picture-973460_640.png"
"Niklas Ludwig","M","211","116","165","319","Germany","https://content.protriathletes.org/content/images/2024/03/10e894db-e6cf-4936-9aeb-dc6b2647b225.png"
"Joshua Berles","M","212","67","181","340","Germany","https://cdn.pixabay.com/photo/2015/10/05/22/37/blank-profile-picture-973460_640.png"
"Jonathan Homberg","M","213","288","198","210","Germany","https://content.protriathletes.org/content/images/2021/03/ec0398a8-457c-4a53-853e-ca8974331821.png"
"Andreas Dreitz","M","214","235","177","192","Germany","https://content.protriathletes.org/content/images/2021/03/ec0398a8-457c-4a53-853e-ca8974331821.png"
"Marc Eggeling","M","215","166","134","282","Germany","https://content.protriathletes.org/content/images/2021/06/c79b4c80-ee33-45ca-bab7-e5a40596c9cb.png"
"Henri Schoeman","M","216","89","210","216","South Africa","https://content.protriathletes.org/content/images/2026/04/aa4baf56-385d-4a9c-8df9-4d48a76a7bfa.png"
"Juan Ignacio Villarruel Curra","M","217","287","275","158","Spain","https://content.protriathletes.org/content/images/2026/03/0096ed9f-06d0-42e7-aa6a-449fce830e40.png"
"Nils Lorenz","M","218","130","113","380","Germany","https://cdn.pixabay.com/photo/2015/10/05/22/37/blank-profile-picture-973460_640.png"
"Jan Volar","M","219","109","294","255","Czechia","https://content.protriathletes.org/content/images/2025/05/67c49aaf-745c-4dc8-8533-f78592073ef9.png"
"Blake Selm","M","220","344","244","161","United States of America","https://cdn.pixabay.com/photo/2015/10/05/22/37/blank-profile-picture-973460_640.png"
"Braden Currie","M","221","157","255","189","New Zealand","https://content.protriathletes.org/content/images/2023/03/1bbfb10e-8c49-4f4b-b1dc-b7c5f35f3ec2.png"
"Joel Wooldridge","M","222","225","220","224","Australia","https://content.protriathletes.org/content/images/2021/05/d39ff490-71b9-444b-b507-35a88de10e39.png"
"Robbie Deckard","M","223","278","218","228","United States of America","https://content.protriathletes.org/content/images/2021/03/9016bbed-886b-4ad2-aa97-3a7ba297724d.png"
"Mattia Ceccarelli","M","224","160","266","214","Italy","https://content.protriathletes.org/content/images/2021/04/8dba2b60-12a5-4de3-98d0-ab790e455a17.png"
"Thibault Colard","M","225","243","217","239","France","https://cdn.pixabay.com/photo/2015/10/05/22/37/blank-profile-picture-973460_640.png"
"Mitchell Kibby","M","226","214","229","247","Australia","https://content.protriathletes.org/content/images/2023/06/467f0cc6-39a2-4f3f-9d7e-e608caca5469.png"
"Lionel Sanders","M","227","428","178","271","Canada","https://content.protriathletes.org/content/images/2023/03/2731d991-06b4-47d9-8f7c-fa18ee7f48e7.png"
"Remi Delagarde","M","228","311","300","141","France","https://cdn.pixabay.com/photo/2015/10/05/22/37/blank-profile-picture-973460_640.png"
"Igor Amorelli","M","229","152","167","365","Brazil","https://content.protriathletes.org/content/images/2021/04/425c5cf1-845b-4433-b86e-7e2df512c8af.png"
"Christophe De Keyser","M","230","113","226","240","Belgium","https://content.protriathletes.org/content/images/2024/03/df5cd11d-1c1d-4d0e-8947-551652885a04.png"
"Tuan Chun Chang","M","231","306","401","395","Chinese Taipei","https://content.protriathletes.org/content/images/2023/03/1bbfb10e-8c49-4f4b-b1dc-b7c5f35f3ec2.png"
"Yago Rodrigues Santos Alves","M","232","142","238","250","Brazil","https://content.protriathletes.org/content/images/2021/04/425c5cf1-845b-4433-b86e-7e2df512c8af.png"
"Pello Osoro Gutierrez","M","233","406","214","221","Spain","https://content.protriathletes.org/content/images/2026/03/0096ed9f-06d0-42e7-aa6a-449fce830e40.png"
"Pierre Stieremans","M","234","367","236","164","France","https://content.protriathletes.org/content/images/2022/04/f6af2a0f-368e-4b24-9ecb-602b4211d307.png"
"Sam Wordley","M","235","221","234","267","Great Britain","https://content.protriathletes.org/content/images/2025/05/21cfddff-3485-4373-9ba0-b8c10ec25252.png"
"Patrick Cometta","M","236","207","171","293","Switzerland","https://content.protriathletes.org/content/images/2024/03/df5cd11d-1c1d-4d0e-8947-551652885a04.png"
"Martin Demuth","M","237","236","394","279","Austria","https://content.protriathletes.org/content/images/2024/03/df5cd11d-1c1d-4d0e-8947-551652885a04.png"
"Ben Akin","M","238","333","207","230","Great Britain","https://content.protriathletes.org/content/images/2025/05/21cfddff-3485-4373-9ba0-b8c10ec25252.png"
"Ruben Zepuntke","M","239","174","200","331","Germany","https://content.protriathletes.org/content/images/2022/04/f6af2a0f-368e-4b24-9ecb-602b4211d307.png"
"Hamish Longmuir","M","240","119","213","295","Australia","https://content.protriathletes.org/content/images/2023/06/467f0cc6-39a2-4f3f-9d7e-e608caca5469.png"
"Maximilian Sperl","M","241","172","187","302","Germany","https://content.protriathletes.org/content/images/2024/09/a2ad8309-c4f8-402a-95f5-cf5a4aa4578a.png"
"Pierre Ruffaut","M","242","444","163","283","France","https://cdn.pixabay.com/photo/2015/10/05/22/37/blank-profile-picture-973460_640.png"
"Jacek Krawczyk","M","243","219","250","205","Poland","https://cdn.pixabay.com/photo/2015/10/05/22/37/blank-profile-picture-973460_640.png"
"Mitchell Ott","M","244","282","225","262","United States of America","https://cdn.pixabay.com/photo/2015/10/05/22/37/blank-profile-picture-973460_640.png"
"Fabian Meeusen","M","245","124","324","217","Switzerland","https://cdn.pixabay.com/photo/2015/10/05/22/37/blank-profile-picture-973460_640.png"
"Justus Töpper","M","246","151","298","242","Germany","https://content.protriathletes.org/content/images/2025/05/21cfddff-3485-4373-9ba0-b8c10ec25252.png"
"Niels Vanhove","M","247","209","223","222","Belgium","https://cdn.pixabay.com/photo/2015/10/05/22/37/blank-profile-picture-973460_640.png"
"Yegor Martynenko","M","248","201","295","147","Ukraine","https://cdn.pixabay.com/photo/2015/10/05/22/37/blank-profile-picture-973460_640.png"
"Rodrigo Gonzalez","M","249","197","320","204","Mexico","https://cdn.pixabay.com/photo/2015/10/05/22/37/blank-profile-picture-973460_640.png"
"Cameron MacNair","M","250","230","256","215","South Africa","https://content.protriathletes.org/content/images/2025/03/26f6ac88-e102-47a4-9142-f18d1e300260.png"
"Matthew Ralphs","M","251","266","215","275","South Africa","https://content.protriathletes.org/content/images/2022/04/f6af2a0f-368e-4b24-9ecb-602b4211d307.png"
"Antonio Limoli","M","252","144","274","297","Italy","https://cdn.pixabay.com/photo/2015/10/05/22/37/blank-profile-picture-973460_640.png"
"Romain Rezsohazy","M","253","318","243","278","Belgium","https://cdn.pixabay.com/photo/2015/10/05/22/37/blank-profile-picture-973460_640.png"
"Oliver Waymark","M","254","415","303","413","Great Britain","https://content.protriathletes.org/content/images/2025/05/21cfddff-3485-4373-9ba0-b8c10ec25252.png"
"Tristan Price","M","255","141","340","193","Australia","https://cdn.pixabay.com/photo/2015/10/05/22/37/blank-profile-picture-973460_640.png"
"Laurin Wehrle","M","256","203","182","416","Germany","https://content.protriathletes.org/content/images/2024/06/89db9f05-a5fb-4ea8-9801-2534989273f4.png"
"Paul Loiseaux","M","257","339","245","298","France","https://cdn.pixabay.com/photo/2015/10/05/22/37/blank-profile-picture-973460_640.png"
"Lukas Stahl","M","258","300","251","273","Germany","https://content.protriathletes.org/content/images/2024/06/89db9f05-a5fb-4ea8-9801-2534989273f4.png"
"Blake Harris","M","259","304","333","171","Canada","https://cdn.pixabay.com/photo/2015/10/05/22/37/blank-profile-picture-973460_640.png"
"Sebastian Aschenbrenner","M","260","313","252","229","Austria","https://cdn.pixabay.com/photo/2015/10/05/22/37/blank-profile-picture-973460_640.png"
"Panagiotis Bitados","M","261","211","263","284","Greece","https://content.protriathletes.org/content/images/2025/05/869a5af7-8254-4c89-99a3-c6de23c7903c.png"
"Piotr Lawicki","M","262","421","323","166","Poland","https://cdn.pixabay.com/photo/2015/10/05/22/37/blank-profile-picture-973460_640.png"
"Léo Bergere","M","263","193","286","246","France","https://content.protriathletes.org/content/images/2025/04/7d4adc58-5e7e-4e2a-9ca9-7c11e2d7aa65.png"
"Tommy Doubleday","M","264","159","331","241","United States of America","https://content.protriathletes.org/content/images/2024/04/58def8ea-e896-4d16-be9b-76aaf8ba7115.png"
"Kristian Grue","M","265","280","273","277","Norway","https://content.protriathletes.org/content/images/2024/06/89db9f05-a5fb-4ea8-9801-2534989273f4.png"
"Alejandro Guzman Medina","M","266","390","212","285","Colombia","https://cdn.pixabay.com/photo/2015/10/05/22/37/blank-profile-picture-973460_640.png"
"Thor Bendix Madsen","M","267","457","392","248","Denmark","https://content.protriathletes.org/content/images/2024/02/e5c518a4-6053-457e-8d99-d17489bf77f2.png"
"Brennen Smith","M","268","101","272","372","Canada","https://content.protriathletes.org/content/images/2024/04/58def8ea-e896-4d16-be9b-76aaf8ba7115.png"
"Maxence Castel Gautier","M","269","308","249","360","France","https://content.protriathletes.org/content/images/2025/03/065e5fcf-7cb3-424e-9aef-8966d3962979.png"
"Magnus Ditlev","M","270","298","253","290","Denmark","https://content.protriathletes.org/content/images/2024/05/9e4f66d3-1951-404e-ba4f-ae1595e94eae.png"
"Guillem Rojas Moreno","M","271","132","268","442","Spain","https://content.protriathletes.org/content/images/2022/09/49d99b90-35b5-424d-8023-0594e05d18c1.png"
"Tom Somerville","M","272","220","241","291","New Zealand","https://cdn.pixabay.com/photo/2015/10/05/22/37/blank-profile-picture-973460_640.png"
"Lachlan Haycock","M","273","173","290","327","New Zealand","https://cdn.pixabay.com/photo/2015/10/05/22/37/blank-profile-picture-973460_640.png"
"Brett Clifford","M","274","361","327","201","New Zealand","https://cdn.pixabay.com/photo/2015/10/05/22/37/blank-profile-picture-973460_640.png"
"Filippo Candeo","M","275","246","310","200","Italy","https://cdn.pixabay.com/photo/2015/10/05/22/37/blank-profile-picture-973460_640.png"
"Jacob Lipari","M","276","364","248","322","Australia","https://cdn.pixabay.com/photo/2015/10/05/22/37/blank-profile-picture-973460_640.png"
"Sergio Lopez Santamaria","M","277","281","230","376","Spain","https://content.protriathletes.org/content/images/2025/03/065e5fcf-7cb3-424e-9aef-8966d3962979.png"
"Todd Wakefield","M","278","424","288","178","Australia","https://content.protriathletes.org/content/images/2024/04/58def8ea-e896-4d16-be9b-76aaf8ba7115.png"
"Joao Dias","M","279","293","440","269","Portugal","https://cdn.pixabay.com/photo/2015/10/05/22/37/blank-profile-picture-973460_640.png"
"Robby Webster","M","280","385","332","211","United States of America","https://content.protriathletes.org/content/images/2023/11/fc0f9b42-aa27-4cc2-8d7a-c5ecd185a6e7.png"
"Pierre Le Corre","M","281","256","393","244","France","https://content.protriathletes.org/content/images/2022/03/89db4504-5d87-4ac6-8ac4-a4eaaf9d0bd1.png"
"Kevin Bishop","M","282","245","403","148","United States of America","https://content.protriathletes.org/content/images/2023/11/fc0f9b42-aa27-4cc2-8d7a-c5ecd185a6e7.png"
"Gonzalo Fuentes","M","283","376","342","168","Spain","https://content.protriathletes.org/content/images/2022/09/49d99b90-35b5-424d-8023-0594e05d18c1.png"
"Toby Nisbet","M","284","215","281","234","Great Britain","https://content.protriathletes.org/content/images/2022/09/49d99b90-35b5-424d-8023-0594e05d18c1.png"
"Ivan Cappelli","M","285","182","397","175","Italy","https://cdn.pixabay.com/photo/2015/10/05/22/37/blank-profile-picture-973460_640.png"
"Elliot Bach","M","286","171","140","400","United States of America","https://content.protriathletes.org/content/images/2021/05/27ed377b-b570-4652-9582-6867f3626ccb.png"
"Gustav Palm-Henriksen","M","287","257","296","333","Denmark","https://cdn.pixabay.com/photo/2015/10/05/22/37/blank-profile-picture-973460_640.png"
"Paul Weigand","M","288","340","374","197","Germany","https://cdn.pixabay.com/photo/2015/10/05/22/37/blank-profile-picture-973460_640.png"
"Matthew Guenter","M","289","110","302","338","United States of America","https://content.protriathletes.org/content/images/2025/05/aabf99e7-ab2b-4a24-91af-2cc785183066.png"
"Simon Shi","M","290","102","285","329","United States of America","https://content.protriathletes.org/content/images/2023/04/23f29d53-9d81-4969-b2d4-606c3846a243.png"
"Henry James","M","291","301","304","227","Great Britain","https://cdn.pixabay.com/photo/2015/10/05/22/37/blank-profile-picture-973460_640.png"
"Julen Diez Rodriguez","M","292","379","280","294","Spain","https://content.protriathletes.org/content/images/2022/09/49d99b90-35b5-424d-8023-0594e05d18c1.png"
"Dries Matthys","M","293","206","292","348","Belgium","https://cdn.pixabay.com/photo/2015/10/05/22/37/blank-profile-picture-973460_640.png"
"Max Mahoney","M","294","352","224","323","United States of America","https://content.protriathletes.org/content/images/2025/02/42e784de-a495-40a6-a2a0-e7aabba0afd8.png"
"Lorenzo Delco","M","295","423","267","170","Switzerland","https://content.protriathletes.org/content/images/2022/09/49d99b90-35b5-424d-8023-0594e05d18c1.png"
"Seth Rider","M","296","241","312","305","United States of America","https://cdn.pixabay.com/photo/2015/10/05/22/37/blank-profile-picture-973460_640.png"
"Thomas Page","M","297","486","261","231","Australia","https://cdn.pixabay.com/photo/2015/10/05/22/37/blank-profile-picture-973460_640.png"
"Dylan Thissen","M","298","355","115","387","Netherlands","https://cdn.pixabay.com/photo/2015/10/05/22/37/blank-profile-picture-973460_640.png"
"Andrew Shellenberger","M","299","134","240","389","United States of America","https://content.protriathletes.org/content/images/2022/04/56d7c2fa-6347-4977-9e96-7df839f131d1.png"
"Raphael Petrovic","M","300","238","317","292","Austria","https://cdn.pixabay.com/photo/2015/10/05/22/37/blank-profile-picture-973460_640.png"
"Lennart Sievers","M","301","169","284","315","Germany","https://cdn.pixabay.com/photo/2015/10/05/22/37/blank-profile-picture-973460_640.png"
"Evan Price","M","302","413","259","226","United States of America","https://content.protriathletes.org/content/images/2022/04/56d7c2fa-6347-4977-9e96-7df839f131d1.png"
"Tim Gosnjak","M","303","363","242","288","Slovenia","https://cdn.pixabay.com/photo/2015/10/05/22/37/blank-profile-picture-973460_640.png"
"Connor Oats","M","304","343","344","243","United States of America","https://content.protriathletes.org/content/images/2025/02/42e784de-a495-40a6-a2a0-e7aabba0afd8.png"
"Matthew Richard","M","305","372","299","270","United States of America","https://cdn.pixabay.com/photo/2015/10/05/22/37/blank-profile-picture-973460_640.png"
"James Hayes","M","306","137","219","306","United States of America","https://cdn.pixabay.com/photo/2015/10/05/22/37/blank-profile-picture-973460_640.png"
"Greg Harper","M","307","103","346","308","United States of America","https://content.protriathletes.org/content/images/2025/02/42e784de-a495-40a6-a2a0-e7aabba0afd8.png"
"Finn Arentz","M","308","530","548","349","Great Britain","https://cdn.pixabay.com/photo/2015/10/05/22/37/blank-profile-picture-973460_640.png"
"Jan Kepinski","M","309","291","232","301","Poland","https://cdn.pixabay.com/photo/2015/10/05/22/37/blank-profile-picture-973460_640.png"
"Maxime Rivron","M","310","474","373","149","France","https://cdn.pixabay.com/photo/2015/10/05/22/37/blank-profile-picture-973460_640.png"
"Simon Westermann","M","311","226","325","362","Switzerland","https://content.protriathletes.org/content/images/2025/04/a4761b57-e34b-4f15-bbc9-f4b59e7c762d.png"
"Jan Poplawski","M","312","446","369","272","Poland","https://cdn.pixabay.com/photo/2015/10/05/22/37/blank-profile-picture-973460_640.png"
"Max Stapley","M","313","249","353","345","Great Britain","https://content.protriathletes.org/content/images/2025/04/a4761b57-e34b-4f15-bbc9-f4b59e7c762d.png"
"Guy Crawford","M","314","195","270","403","New Zealand","https://cdn.pixabay.com/photo/2015/10/05/22/37/blank-profile-picture-973460_640.png"
"Milosz Sowinski","M","315","327","314","330","Poland","https://cdn.pixabay.com/photo/2015/10/05/22/37/blank-profile-picture-973460_640.png"
"Lars Lomholt","M","316","507","264","268","Denmark","https://cdn.pixabay.com/photo/2015/10/05/22/37/blank-profile-picture-973460_640.png"
"Ted Treise","M","317","387","279","312","United States of America","https://content.protriathletes.org/content/images/2022/04/56d7c2fa-6347-4977-9e96-7df839f131d1.png"
"Bastian Peitersen","M","318","469","326","208","Denmark","https://cdn.pixabay.com/photo/2015/10/05/22/37/blank-profile-picture-973460_640.png"
"Will Crudgington","M","319","261","349","304","Great Britain","https://cdn.pixabay.com/photo/2015/10/05/22/37/blank-profile-picture-973460_640.png"
"Timmo Jeret","M","320","541","368","257","Estonia","https://cdn.pixabay.com/photo/2015/10/05/22/37/blank-profile-picture-973460_640.png"
"Matthew Dochnal","M","321","403","359","310","United States of America","https://cdn.pixabay.com/photo/2015/10/05/22/37/blank-profile-picture-973460_640.png"
"Louis Heukemes","M","322","247","338","289","Belgium","https://cdn.pixabay.com/photo/2015/10/05/22/37/blank-profile-picture-973460_640.png"
"Cyrill Knechtle","M","323","263","269","347","Switzerland","https://cdn.pixabay.com/photo/2015/10/05/22/37/blank-profile-picture-973460_640.png"
"Diego Moya","M","324","303","387","296","Chile","https://cdn.pixabay.com/photo/2015/10/05/22/37/blank-profile-picture-973460_640.png"
"Eduardo Perez Sandi Garcia","M","325","491","345","223","Mexico","https://content.protriathletes.org/content/images/2024/06/7426ce0e-8e4a-4188-8cd6-361a50d7f8ac.png"
"Florin Parfuss","M","326","87","350","325","Switzerland","https://cdn.pixabay.com/photo/2015/10/05/22/37/blank-profile-picture-973460_640.png"
"Rasmus Svenningsson","M","327","467","306","328","Sweden","https://content.protriathletes.org/content/images/2021/08/41f5c4f8-53bf-43fa-af50-957774fc1504.png"
"Kyle Warrick","M","328","276","260","311","United States of America","https://content.protriathletes.org/content/images/2022/07/855ad3c3-fc5f-4e92-8643-e79debef18b6.png"
"Thomas Bishop","M","329","302","339","397","Great Britain","https://content.protriathletes.org/content/images/2023/05/99c3c560-4747-4650-b29a-08e664d50d4c.png"
"Thomas Inigo","M","330","400","335","307","United States of America","https://content.protriathletes.org/content/images/2022/07/855ad3c3-fc5f-4e92-8643-e79debef18b6.png"
"Alessio Crociani","M","331","218","558","399","Italy","https://cdn.pixabay.com/photo/2015/10/05/22/37/blank-profile-picture-973460_640.png"
"Yang Pan","M","332","396","318","252","United States of America","https://cdn.pixabay.com/photo/2015/10/05/22/37/blank-profile-picture-973460_640.png"
"Jumpei Furuya","M","333","251","372","316","Japan","https://cdn.pixabay.com/photo/2015/10/05/22/37/blank-profile-picture-973460_640.png"
"Garrett Mayeaux","M","334","325","309","303","United States of America","https://content.protriathletes.org/content/images/2022/04/56d7c2fa-6347-4977-9e96-7df839f131d1.png"
"Justin Riele","M","335","286","321","501","United States of America","https://content.protriathletes.org/content/images/2025/05/31ae8d37-24f9-46c9-8885-db6bd39e99cd.png"
"Hugo Figueiredo","M","336","442","476","537","Portugal","https://cdn.pixabay.com/photo/2015/10/05/22/37/blank-profile-picture-973460_640.png"
"Scott Harpham","M","337","477","319","266","New Zealand","https://cdn.pixabay.com/photo/2015/10/05/22/37/blank-profile-picture-973460_640.png"
"Matthew Sharpe","M","338","290","424","350","Canada","https://content.protriathletes.org/content/images/2022/07/855ad3c3-fc5f-4e92-8643-e79debef18b6.png"
"Yoann Colin","M","339","398","386","321","Australia","https://cdn.pixabay.com/photo/2015/10/05/22/37/blank-profile-picture-973460_640.png"
"Sven Altermatt","M","340","409","305","419","Switzerland","https://cdn.pixabay.com/photo/2015/10/05/22/37/blank-profile-picture-973460_640.png"
"Samuel Studer","M","341","262","271","441","Switzerland","https://cdn.pixabay.com/photo/2015/10/05/22/37/blank-profile-picture-973460_640.png"
"Nicolas Saez","M","342","312","297","337","Chile","https://cdn.pixabay.com/photo/2015/10/05/22/37/blank-profile-picture-973460_640.png"
"Hadrien Baritaux","M","343","399","282","363","France","https://cdn.pixabay.com/photo/2015/10/05/22/37/blank-profile-picture-973460_640.png"
"Miguel Ledesma","M","344","274","287","445","Spain","https://cdn.pixabay.com/photo/2015/10/05/22/37/blank-profile-picture-973460_640.png"
"Max Kohll","M","345","338","301","342","United States of America","https://content.protriathletes.org/content/images/2022/07/855ad3c3-fc5f-4e92-8643-e79debef18b6.png"
"Silvije Tomac","M","346","577","377","172","Croatia","https://cdn.pixabay.com/photo/2015/10/05/22/37/blank-profile-picture-973460_640.png"
"Sven Wies","M","347","133","283","358","Germany","https://cdn.pixabay.com/photo/2015/10/05/22/37/blank-profile-picture-973460_640.png"
"Corentin Chouvelon","M","348","441","452","157","France","https://cdn.pixabay.com/photo/2015/10/05/22/37/blank-profile-picture-973460_640.png"
"Ross Baldwin","M","349","370","348","207","United States of America","https://cdn.pixabay.com/photo/2015/10/05/22/37/blank-profile-picture-973460_640.png"
"Jakob Bloch","M","350","389","247","379","Denmark","https://cdn.pixabay.com/photo/2015/10/05/22/37/blank-profile-picture-973460_640.png"
"Brodie Talbot","M","351","277","341","351","Australia","https://cdn.pixabay.com/photo/2015/10/05/22/37/blank-profile-picture-973460_640.png"
"Matt Jackson","M","352","358","405","212","United States of America","https://cdn.pixabay.com/photo/2015/10/05/22/37/blank-profile-picture-973460_640.png"
"Julian Becker","M","353","265","414","318","Germany","https://cdn.pixabay.com/photo/2015/10/05/22/37/blank-profile-picture-973460_640.png"
"Simon Huckestein","M","354","517","389","190","Germany","https://cdn.pixabay.com/photo/2015/10/05/22/37/blank-profile-picture-973460_640.png"
"Philip Refslund","M","355","408","233","495","Denmark","https://cdn.pixabay.com/photo/2015/10/05/22/37/blank-profile-picture-973460_640.png"
"Lars Van Eesbeeck","M","356","373","293","436","Belgium","https://cdn.pixabay.com/photo/2015/10/05/22/37/blank-profile-picture-973460_640.png"
"Tayler Reid","M","357","254","360","356","New Zealand","https://cdn.pixabay.com/photo/2015/10/05/22/37/blank-profile-picture-973460_640.png"
"Kelvin Gomez","M","358","593","514","474","Great Britain","https://cdn.pixabay.com/photo/2015/10/05/22/37/blank-profile-picture-973460_640.png"
"Valentino Agnelli","M","359","212","315","491","Argentina","https://cdn.pixabay.com/photo/2015/10/05/22/37/blank-profile-picture-973460_640.png"
"Hunter Lussi","M","360","237","227","462","United States of America","https://cdn.pixabay.com/photo/2015/10/05/22/37/blank-profile-picture-973460_640.png"
"Morgan Rhodes","M","361","295","370","361","Great Britain","https://cdn.pixabay.com/photo/2015/10/05/22/37/blank-profile-picture-973460_640.png"
"Zoran Nikolics","M","362","326","363","370","Hungary","https://cdn.pixabay.com/photo/2015/10/05/22/37/blank-profile-picture-973460_640.png"
"Scott Ludford","M","363","366","382","359","United States of America","https://content.protriathletes.org/content/images/2025/02/324c1c95-bbc3-466d-a7f3-38a74c3866fe.png"
"Maxence Mey","M","364","435","562","504","France","https://cdn.pixabay.com/photo/2015/10/05/22/37/blank-profile-picture-973460_640.png"
"Florian Kandutsch","M","365","369","337","357","Austria","https://cdn.pixabay.com/photo/2015/10/05/22/37/blank-profile-picture-973460_640.png"
"Jonathan Wayaffe","M","367","493","391","300","Belgium","https://content.protriathletes.org/content/images/2023/06/70fdc841-0e60-409e-90fe-79b3f16eb6c8.png"
"Stefan Zachaeus","M","368","316","361","402","Luxembourg","https://cdn.pixabay.com/photo/2015/10/05/22/37/blank-profile-picture-973460_640.png"
"Luca Barbagallo","M","369","482","406","263","Italy","https://cdn.pixabay.com/photo/2015/10/05/22/37/blank-profile-picture-973460_640.png"
"Felix Forissier","M","370","335","376","408","France","https://cdn.pixabay.com/photo/2015/10/05/22/37/blank-profile-picture-973460_640.png"
"Mateo Reddy","M","371","525","330","334","Switzerland","https://cdn.pixabay.com/photo/2015/10/05/22/37/blank-profile-picture-973460_640.png"
"Timo Schaffeld","M","372","374","388","335","Germany","https://cdn.pixabay.com/photo/2015/10/05/22/37/blank-profile-picture-973460_640.png"
"Klodian Mitri","M","373","430","308","353","United States of America","https://content.protriathletes.org/content/images/2023/09/e2f5a986-5eec-4200-9299-d5168a1a5b62.png"
"Johnathan Dolan","M","374","99","381","339","United States of America","https://content.protriathletes.org/content/images/2025/02/324c1c95-bbc3-466d-a7f3-38a74c3866fe.png"
"Kaito Tohara","M","375","468","445","237","Japan","https://cdn.pixabay.com/photo/2015/10/05/22/37/blank-profile-picture-973460_640.png"
"Quentin de Vos","M","376","487","362","326","Belgium","https://content.protriathletes.org/content/images/2021/10/d94f4344-59bd-4a61-a41e-1c7ca19f4139.png"
"Cenzino Lebot","M","377","164","254","505","France","https://cdn.pixabay.com/photo/2015/10/05/22/37/blank-profile-picture-973460_640.png"
"Samuel Boettinger","M","378","429","336","377","Germany","https://cdn.pixabay.com/photo/2015/10/05/22/37/blank-profile-picture-973460_640.png"
"Christian Haas","M","379","380","351","346","Italy","https://cdn.pixabay.com/photo/2015/10/05/22/37/blank-profile-picture-973460_640.png"
"Connor Readman","M","380","391","384","352","United States of America","https://cdn.pixabay.com/photo/2015/10/05/22/37/blank-profile-picture-973460_640.png"
"Yvan Jarrige","M","381","342","425","317","France","https://content.protriathletes.org/content/images/2023/06/70fdc841-0e60-409e-90fe-79b3f16eb6c8.png"
"Milan Brons","M","382","452","380","398","Netherlands","https://content.protriathletes.org/content/images/2023/06/70fdc841-0e60-409e-90fe-79b3f16eb6c8.png"
"Diego Mentrida Zamarra","M","383","515","399","336","Spain","https://content.protriathletes.org/content/images/2021/05/aac586a2-5c7d-45fd-b3de-f40185249d62.png"
"Olaf Van Den Bergh","M","384","531","311","256","Netherlands","https://cdn.pixabay.com/photo/2015/10/05/22/37/blank-profile-picture-973460_640.png"
"Thomas Vanhalst","M","385","466","527","563","Belgium","https://content.protriathletes.org/content/images/2021/10/d94f4344-59bd-4a61-a41e-1c7ca19f4139.png"
"Brad Bischoff","M","386","453","328","428","United States of America","https://cdn.pixabay.com/photo/2015/10/05/22/37/blank-profile-picture-973460_640.png"
"Stenn Goetstouwers","M","387","420","410","366","Belgium","https://content.protriathletes.org/content/images/2023/06/70fdc841-0e60-409e-90fe-79b3f16eb6c8.png"
"Maxim Chane","M","388","436","504","629","France","https://cdn.pixabay.com/photo/2015/10/05/22/37/blank-profile-picture-973460_640.png"
"Ole-Bernard Fuskevag","M","389","397","367","381","Norway","https://content.protriathletes.org/content/images/2026/04/dd16a1ec-a5da-4a7c-b23f-fd1665405274.png"
"Vicente Saraiva Junior","M","390","375","412","382","Brazil","https://cdn.pixabay.com/photo/2015/10/05/22/37/blank-profile-picture-973460_640.png"
"Victor Arroyo Bugallo","M","391","509","343","320","Spain","https://content.protriathletes.org/content/images/2021/10/d94f4344-59bd-4a61-a41e-1c7ca19f4139.png"
"Danilo Melo","M","392","433","316","232","Brazil","https://cdn.pixabay.com/photo/2015/10/05/22/37/blank-profile-picture-973460_640.png"
"Pascal Franken","M","393","450","257","423","Netherlands","https://cdn.pixabay.com/photo/2015/10/05/22/37/blank-profile-picture-973460_640.png"
"Bartosz Banach","M","394","480","322","407","Poland","https://content.protriathletes.org/content/images/2023/06/70fdc841-0e60-409e-90fe-79b3f16eb6c8.png"
"Matheus Diniz","M","395","147","415","409","Brazil","https://cdn.pixabay.com/photo/2015/10/05/22/37/blank-profile-picture-973460_640.png"
"Alexandre Stocco","M","396","447","429","299","Brazil","https://cdn.pixabay.com/photo/2015/10/05/22/37/blank-profile-picture-973460_640.png"
"Kaeleb Pennington","M","397","239","385","404","United States of America","https://cdn.pixabay.com/photo/2015/10/05/22/37/blank-profile-picture-973460_640.png"
"Luke Tasker","M","398","445","422","412","Canada","https://cdn.pixabay.com/photo/2015/10/05/22/37/blank-profile-picture-973460_640.png"
"Pavel Wohl","M","399","461","396","369","Czechia","https://cdn.pixabay.com/photo/2015/10/05/22/37/blank-profile-picture-973460_640.png"
"Yannick Fischbach","M","400","416","411","253","Germany","https://cdn.pixabay.com/photo/2015/10/05/22/37/blank-profile-picture-973460_640.png"
"James Bilbrey","M","401","271","313","493","United States of America","https://cdn.pixabay.com/photo/2015/10/05/22/37/blank-profile-picture-973460_640.png"
"Jonas Wechsler","M","402","337","378","494","Germany","https://cdn.pixabay.com/photo/2015/10/05/22/37/blank-profile-picture-973460_640.png"
"Tomasz Brembor","M","403","332","408","417","Poland","https://cdn.pixabay.com/photo/2015/10/05/22/37/blank-profile-picture-973460_640.png"
"Nicolas Quenette","M","404","414","450","538","Canada","https://cdn.pixabay.com/photo/2015/10/05/22/37/blank-profile-picture-973460_640.png"
"Nathan Josefski","M","405","386","402","368","Australia","https://cdn.pixabay.com/photo/2015/10/05/22/37/blank-profile-picture-973460_640.png"
"Logan Pollander","M","406","315","418","374","United States of America","https://cdn.pixabay.com/photo/2015/10/05/22/37/blank-profile-picture-973460_640.png"
"Tom Hug","M","407","485","398","421","Germany","https://cdn.pixabay.com/photo/2015/10/05/22/37/blank-profile-picture-973460_640.png"
"Felipe Bianchi","M","408","268","454","344","Brazil","https://cdn.pixabay.com/photo/2015/10/05/22/37/blank-profile-picture-973460_640.png"
"Boden Gentile","M","409","490","276","456","United States of America","https://cdn.pixabay.com/photo/2015/10/05/22/37/blank-profile-picture-973460_640.png"
"Sven Van Luyck","M","410","918","601","697","Belgium","https://cdn.pixabay.com/photo/2015/10/05/22/37/blank-profile-picture-973460_640.png"
"Robert Huisman","M","411","210","375","489","New Zealand","https://cdn.pixabay.com/photo/2015/10/05/22/37/blank-profile-picture-973460_640.png"
"Roger Manya Valenzuela","M","412","652","443","393","Spain","https://content.protriathletes.org/content/images/2021/06/69f430dd-70f3-405a-9369-174e1ac888fa.png"
"Scott Steenberg","M","413","223","390","496","Denmark","https://cdn.pixabay.com/photo/2015/10/05/22/37/blank-profile-picture-973460_640.png"
"Gabin Mantulet","M","414","564","570","642","France","https://cdn.pixabay.com/photo/2015/10/05/22/37/blank-profile-picture-973460_640.png"
"Brian Reynolds","M","415","412","358","343","United States of America","https://cdn.pixabay.com/photo/2015/10/05/22/37/blank-profile-picture-973460_640.png"
"Miguel Hidalgo","M","416","242","334","422","Brazil","https://content.protriathletes.org/content/images/2025/06/e87ca739-ed25-46a8-9091-d5742b98cfcb.png"
"Joaquin Pereda Charles","M","417","167","409","432","Mexico","https://cdn.pixabay.com/photo/2015/10/05/22/37/blank-profile-picture-973460_640.png"
"Itamar Eshed","M","418","438","427","429","Israel","https://cdn.pixabay.com/photo/2015/10/05/22/37/blank-profile-picture-973460_640.png"
"Alessandro Fabian","M","419","289","478","373","Italy","https://content.protriathletes.org/content/images/2023/06/348e09de-9bef-46ac-a767-d8bf699ceb2f.png"
"Sebastian Hauer","M","420","451","497","280","Germany","https://cdn.pixabay.com/photo/2015/10/05/22/37/blank-profile-picture-973460_640.png"
"Luis Henrique Ohde","M","421","273","438","444","Brazil","https://cdn.pixabay.com/photo/2015/10/05/22/37/blank-profile-picture-973460_640.png"
"Corey Bellemore","M","422","518","515","251","Canada","https://cdn.pixabay.com/photo/2015/10/05/22/37/blank-profile-picture-973460_640.png"
"Chase Mcqueen","M","423","260","395","480","United States of America","https://content.protriathletes.org/content/images/2025/06/e87ca739-ed25-46a8-9091-d5742b98cfcb.png"
"Filip Szymonik","M","424","354","436","414","Poland","https://cdn.pixabay.com/photo/2015/10/05/22/37/blank-profile-picture-973460_640.png"
"William Even","M","425","178","417","483","France","https://cdn.pixabay.com/photo/2015/10/05/22/37/blank-profile-picture-973460_640.png"
"Thomas Gordon","M","426","136","519","415","United States of America","https://cdn.pixabay.com/photo/2015/10/05/22/37/blank-profile-picture-973460_640.png"
"Alejandro Rodriguez Rilo","M","427","368","426","577","Spain","https://content.protriathletes.org/content/images/2021/06/69f430dd-70f3-405a-9369-174e1ac888fa.png"
"Michael Chronert","M","428","422","329","391","United States of America","https://cdn.pixabay.com/photo/2015/10/05/22/37/blank-profile-picture-973460_640.png"
"Adam Lennell","M","429","473","291","468","Sweden","https://cdn.pixabay.com/photo/2015/10/05/22/37/blank-profile-picture-973460_640.png"
"Robin Hermann","M","430","464","355","485","Switzerland","https://cdn.pixabay.com/photo/2015/10/05/22/37/blank-profile-picture-973460_640.png"
"Alexandre Nobre","M","431","345","537","324","Portugal","https://cdn.pixabay.com/photo/2015/10/05/22/37/blank-profile-picture-973460_640.png"
"Jonathan Fecik","M","432","393","357","401","United States of America","https://cdn.pixabay.com/photo/2015/10/05/22/37/blank-profile-picture-973460_640.png"
"Marijn Markusse","M","433","526","347","476","Netherlands","https://cdn.pixabay.com/photo/2015/10/05/22/37/blank-profile-picture-973460_640.png"
"Mikel Txopitea Elorriaga","M","434","481","451","427","Spain","https://content.protriathletes.org/content/images/2025/02/e4d6f583-f852-493b-a180-69adebc7fd81.png"
"Jari Claes","M","435","460","413","506","Switzerland","https://cdn.pixabay.com/photo/2015/10/05/22/37/blank-profile-picture-973460_640.png"
"Edoardo Leone","M","436","472","508","383","United States of America","https://cdn.pixabay.com/photo/2015/10/05/22/37/blank-profile-picture-973460_640.png"
"Louis Naeyaert","M","437","314","455","405","Belgium","https://cdn.pixabay.com/photo/2015/10/05/22/37/blank-profile-picture-973460_640.png"
"Patrick Benz","M","438","350","472","375","Switzerland","https://cdn.pixabay.com/photo/2015/10/05/22/37/blank-profile-picture-973460_640.png"
"Hao Miao","M","439","700","692","694","China","https://cdn.pixabay.com/photo/2015/10/05/22/37/blank-profile-picture-973460_640.png"
"Cesar Neveu","M","440","470","307","534","France","https://cdn.pixabay.com/photo/2015/10/05/22/37/blank-profile-picture-973460_640.png"
"David Blasco Ano","M","441","492","356","565","Spain","https://cdn.pixabay.com/photo/2015/10/05/22/37/blank-profile-picture-973460_640.png"
"Chris Beckmans","M","442","664","466","418","Australia","https://cdn.pixabay.com/photo/2015/10/05/22/37/blank-profile-picture-973460_640.png"
"David Rother","M","443","475","470","443","Germany","https://cdn.pixabay.com/photo/2015/10/05/22/37/blank-profile-picture-973460_640.png"
"Rinel Pius","M","444","191","469","406","Estonia","https://content.protriathletes.org/content/images/2025/02/e4d6f583-f852-493b-a180-69adebc7fd81.png"
"Magnus Maenner","M","445","275","459","511","Germany","https://cdn.pixabay.com/photo/2015/10/05/22/37/blank-profile-picture-973460_640.png"
"Davide Verzella","M","446","317","468","438","Italy","https://cdn.pixabay.com/photo/2015/10/05/22/37/blank-profile-picture-973460_640.png"
"Arthur Berland","M","447","705","776","873","France","https://content.protriathletes.org/content/images/2025/02/e4d6f583-f852-493b-a180-69adebc7fd81.png"
"Etienne Tillon","M","448","321","444","425","Great Britain","https://content.protriathletes.org/content/images/2024/06/a0de46d9-c7ae-485f-a062-a08eefcafac7.png"
"Kevin Rundstadler","M","449","618","419","555","France","https://cdn.pixabay.com/photo/2015/10/05/22/37/blank-profile-picture-973460_640.png"
"Ron Epple","M","450","357","431","544","Germany","https://cdn.pixabay.com/photo/2015/10/05/22/37/blank-profile-picture-973460_640.png"
"Brian Folts","M","451","439","457","394","United States of America","https://content.protriathletes.org/content/images/2025/02/df936e4f-01ab-46a8-9361-89415fbce257.png"
"Thomas McManners","M","452","548","561","507","Finland","https://cdn.pixabay.com/photo/2015/10/05/22/37/blank-profile-picture-973460_640.png"
"Marek Janisz","M","453","520","407","473","Poland","https://cdn.pixabay.com/photo/2015/10/05/22/37/blank-profile-picture-973460_640.png"
"Diego Martin Conde","M","454","583","453","384","Spain","https://content.protriathletes.org/content/images/2024/06/a0de46d9-c7ae-485f-a062-a08eefcafac7.png"
"Cory Mayfield","M","455","341","536","364","United States of America","https://cdn.pixabay.com/photo/2015/10/05/22/37/blank-profile-picture-973460_640.png"
"Gustavo Wiebbeling","M","456","128","404","477","Brazil","https://cdn.pixabay.com/photo/2015/10/05/22/37/blank-profile-picture-973460_640.png"
"Niek Heldoorn","M","457","388","463","464","Netherlands","https://cdn.pixabay.com/photo/2015/10/05/22/37/blank-profile-picture-973460_640.png"
"David Guenthardt","M","458","454","456","410","United States of America","https://content.protriathletes.org/content/images/2025/02/df936e4f-01ab-46a8-9361-89415fbce257.png"
"Pim Van Diemen","M","459","419","383","566","Netherlands","https://cdn.pixabay.com/photo/2015/10/05/22/37/blank-profile-picture-973460_640.png"
"Aimar Murua Poza","M","460","772","530","388","Spain","https://content.protriathletes.org/content/images/2024/06/a0de46d9-c7ae-485f-a062-a08eefcafac7.png"
"Tjebbe Kaindl","M","461","296","442","454","Austria","https://cdn.pixabay.com/photo/2015/10/05/22/37/blank-profile-picture-973460_640.png"
"Fabian Dutli","M","462","609","467","390","Switzerland","https://cdn.pixabay.com/photo/2015/10/05/22/37/blank-profile-picture-973460_640.png"
"Nick Cosman","M","463","427","433","448","Canada","https://cdn.pixabay.com/photo/2015/10/05/22/37/blank-profile-picture-973460_640.png"
"Albert Askengren","M","464","437","439","392","Sweden","https://cdn.pixabay.com/photo/2015/10/05/22/37/blank-profile-picture-973460_640.png"
"Thomas Huwiler","M","465","683","435","497","Switzerland","https://cdn.pixabay.com/photo/2015/10/05/22/37/blank-profile-picture-973460_640.png"
"Marcelo Delgado Landazuri","M","466","411","430","434","Ecuador","https://cdn.pixabay.com/photo/2015/10/05/22/37/blank-profile-picture-973460_640.png"
"Dylan Nortje","M","467","324","528","385","South Africa","https://cdn.pixabay.com/photo/2015/10/05/22/37/blank-profile-picture-973460_640.png"
"Jan Stepinski","M","468","258","458","460","United States of America","https://cdn.pixabay.com/photo/2015/10/05/22/37/blank-profile-picture-973460_640.png"
"Bailey Tuddenham","M","469","384","423","524","Australia","https://cdn.pixabay.com/photo/2015/10/05/22/37/blank-profile-picture-973460_640.png"
"Avery Ling","M","470","448","461","446","Canada","https://cdn.pixabay.com/photo/2015/10/05/22/37/blank-profile-picture-973460_640.png"
"Matteo Bringer","M","471","305","493","509","France","https://cdn.pixabay.com/photo/2015/10/05/22/37/blank-profile-picture-973460_640.png"
"Dylan Clough","M","472","377","483","455","Australia","https://cdn.pixabay.com/photo/2015/10/05/22/37/blank-profile-picture-973460_640.png"
"Trevor Delsaut","M","473","426","428","457","France","https://cdn.pixabay.com/photo/2015/10/05/22/37/blank-profile-picture-973460_640.png"
"Jason Christie","M","474","465","354","452","New Zealand","https://cdn.pixabay.com/photo/2015/10/05/22/37/blank-profile-picture-973460_640.png"
"Robert Wilkowiecki","M","475","392","498","481","Poland","https://content.protriathletes.org/content/images/2023/06/0a7268c3-f5ef-4244-bf9d-179d19154da9.png"
"Finn Sattler","M","476","434","533","426","Germany","https://cdn.pixabay.com/photo/2015/10/05/22/37/blank-profile-picture-973460_640.png"
"Aitor Arotzena Lopez","M","477","611","554","354","Spain","https://cdn.pixabay.com/photo/2015/10/05/22/37/blank-profile-picture-973460_640.png"
"Gwenael Millot","M","478","283","449","519","France","https://cdn.pixabay.com/photo/2015/10/05/22/37/blank-profile-picture-973460_640.png"
"Pedro Leal","M","479","381","482","475","Brazil","https://cdn.pixabay.com/photo/2015/10/05/22/37/blank-profile-picture-973460_640.png"
"Bogdan Kovalenko","M","480","431","371","542","Kazakhstan","https://cdn.pixabay.com/photo/2015/10/05/22/37/blank-profile-picture-973460_640.png"
"Luke Mathews","M","481","578","473","471","United Arab Emirates","https://cdn.pixabay.com/photo/2015/10/05/22/37/blank-profile-picture-973460_640.png"
"Matt Schafer","M","482","259","516","503","United States of America","https://cdn.pixabay.com/photo/2015/10/05/22/37/blank-profile-picture-973460_640.png"
"Kyle Gabbard","M","483","555","400","498","United States of America","https://cdn.pixabay.com/photo/2015/10/05/22/37/blank-profile-picture-973460_640.png"
"Julian Grosskopf","M","484","524","510","411","Germany","https://cdn.pixabay.com/photo/2015/10/05/22/37/blank-profile-picture-973460_640.png"
"Lluis Ropero Tapia","M","485","751","448","517","Spain","https://cdn.pixabay.com/photo/2015/10/05/22/37/blank-profile-picture-973460_640.png"
"Federico Murero","M","486","353","512","528","Italy","https://cdn.pixabay.com/photo/2015/10/05/22/37/blank-profile-picture-973460_640.png"
"Zed Roy","M","487","496","544","435","Canada","https://cdn.pixabay.com/photo/2015/10/05/22/37/blank-profile-picture-973460_640.png"
"Patrik Krelke","M","488","479","487","463","Germany","https://cdn.pixabay.com/photo/2015/10/05/22/37/blank-profile-picture-973460_640.png"
"Eric Lauricella","M","490","529","447","467","United States of America","https://content.protriathletes.org/content/images/2023/03/960cd6be-0f72-406c-ba2d-394f1e00df9d.png"
"Andrea Cloarec","M","491","538","352","478","France","https://cdn.pixabay.com/photo/2015/10/05/22/37/blank-profile-picture-973460_640.png"
"Louis Coqueret","M","492","890","673","802","France","https://cdn.pixabay.com/photo/2015/10/05/22/37/blank-profile-picture-973460_640.png"
"Charlie Stern","M","493","547","534","355","Australia","https://cdn.pixabay.com/photo/2015/10/05/22/37/blank-profile-picture-973460_640.png"
"Cody Beals","M","494","404","494","606","Canada","https://content.protriathletes.org/content/images/2023/03/960cd6be-0f72-406c-ba2d-394f1e00df9d.png"
"Brian Llamas","M","495","562","489","332","Mexico","https://content.protriathletes.org/content/images/2024/06/529ee9eb-c5bf-447b-a80a-a35a0f76081a.png"
"Briac Tence","M","496","628","715","717","France","https://cdn.pixabay.com/photo/2015/10/05/22/37/blank-profile-picture-973460_640.png"
"Thomas Bosch","M","497","521","365","529","Germany","https://cdn.pixabay.com/photo/2015/10/05/22/37/blank-profile-picture-973460_640.png"
"Thibault Delvenne","M","498","758","524","431","Belgium","https://cdn.pixabay.com/photo/2015/10/05/22/37/blank-profile-picture-973460_640.png"
"Silas Plambaek","M",,,,,,"https://content.protriathletes.org/content/images/2026/03/e498955a-ac22-49f7-9d3c-312660be90cd.png"
"Devin Volk","M","500","606","572","437","United States of America","https://content.protriathletes.org/content/images/2024/06/529ee9eb-c5bf-447b-a80a-a35a0f76081a.png"
"Thomas Burr","M","501","471","479","546","Italy","https://cdn.pixabay.com/photo/2015/10/05/22/37/blank-profile-picture-973460_640.png"
"Drew Jordan","M","502","660","465","461","United States of America","https://cdn.pixabay.com/photo/2015/10/05/22/37/blank-profile-picture-973460_640.png"
"Martin Cando Santos","M","503","360","638","453","Spain","https://cdn.pixabay.com/photo/2015/10/05/22/37/blank-profile-picture-973460_640.png"
"Frederick Webb","M","504","351","490","516","Great Britain","https://content.protriathletes.org/content/images/2025/03/f00ce2f7-7849-414f-b706-d1bf8a71261c.png"
"Zach Aldrich","M","505","540","460","482","United States of America","https://content.protriathletes.org/content/images/2024/06/529ee9eb-c5bf-447b-a80a-a35a0f76081a.png"
"Nick Thijs","M","506","458","441","466","Belgium","https://cdn.pixabay.com/photo/2015/10/05/22/37/blank-profile-picture-973460_640.png"
"Max Menzel","M","507","405","495","533","Germany","https://cdn.pixabay.com/photo/2015/10/05/22/37/blank-profile-picture-973460_640.png"
"Kristoffer Visti Graae","M","508","449","379","614","Denmark","https://content.protriathletes.org/content/images/2023/09/3aa59b25-3041-4ade-ab89-d72d1e5605f5.png"
"Noah Shlesinger","M","509","508","488","514","United States of America","https://content.protriathletes.org/content/images/2023/03/960cd6be-0f72-406c-ba2d-394f1e00df9d.png"
"Will Munday","M","510","500","501","548","Great Britain","https://cdn.pixabay.com/photo/2015/10/05/22/37/blank-profile-picture-973460_640.png"
"Georg Enzenberger","M","511","536","484","554","Austria","https://content.protriathletes.org/content/images/2023/06/891abb86-de36-40c9-a734-2acb300fb45e.png"
"Stefan Graf","M","512","497","505","492","Switzerland","https://cdn.pixabay.com/photo/2015/10/05/22/37/blank-profile-picture-973460_640.png"
"Rastislav Srnanek","M","513","527","437","439","Slovakia","https://cdn.pixabay.com/photo/2015/10/05/22/37/blank-profile-picture-973460_640.png"
"Gabriel Klein","M","514","575","563","420","Brazil","https://cdn.pixabay.com/photo/2015/10/05/22/37/blank-profile-picture-973460_640.png"
"Christoffer Heick","M","515","571","491","515","Denmark","https://cdn.pixabay.com/photo/2015/10/05/22/37/blank-profile-picture-973460_640.png"
"Brecht Van Vooren","M","516","499","471","561","Belgium","https://cdn.pixabay.com/photo/2015/10/05/22/37/blank-profile-picture-973460_640.png"
"David Pinsonneault","M","517","498","511","450","United States of America","https://cdn.pixabay.com/photo/2015/10/05/22/37/blank-profile-picture-973460_640.png"
"Morten Schmidt","M","518","307","434","570","Germany","https://cdn.pixabay.com/photo/2015/10/05/22/37/blank-profile-picture-973460_640.png"
"Stephan Benedikt","M","519","556","462","525","Austria","https://cdn.pixabay.com/photo/2015/10/05/22/37/blank-profile-picture-973460_640.png"
"David Martin","M","520","330","496","531","Czechia","https://cdn.pixabay.com/photo/2015/10/05/22/37/blank-profile-picture-973460_640.png"
"James Scott-Farrington","M","521","382","502","469","Great Britain","https://cdn.pixabay.com/photo/2015/10/05/22/37/blank-profile-picture-973460_640.png"
"Benjamin Adriazola","M","522","383","551","536","Chile","https://cdn.pixabay.com/photo/2015/10/05/22/37/blank-profile-picture-973460_640.png"
"Daniel Bækkegård","M","523","484","550","512","Denmark","https://content.protriathletes.org/content/images/2024/05/86cb0976-5876-4c42-ac2c-f44290b43b25.png"
"Ivor Feunekes","M","524","566","543","447","Netherlands","https://cdn.pixabay.com/photo/2015/10/05/22/37/blank-profile-picture-973460_640.png"
"Matheus Menezes","M","525","621","576","424","Brazil","https://cdn.pixabay.com/photo/2015/10/05/22/37/blank-profile-picture-973460_640.png"
"John Samuel Fothergill","M","526","573","564","371","Australia","https://cdn.pixabay.com/photo/2015/10/05/22/37/blank-profile-picture-973460_640.png"
"Romain Aymon","M","527","519","485","594","Switzerland","https://cdn.pixabay.com/photo/2015/10/05/22/37/blank-profile-picture-973460_640.png"
"Aaron Kolk","M","528","513","486","479","United States of America","https://content.protriathletes.org/content/images/2023/01/2ae33be1-c926-43f8-a115-7d9a421f72ec.png"
"Joshua Wooldridge","M","529","494","492","486","Australia","https://content.protriathletes.org/content/images/2021/05/cf112434-35f4-439c-bcd3-8d88ef4d8b36.png"
"Kyle Tremayne","M","530","596","499","465","Australia","https://cdn.pixabay.com/photo/2015/10/05/22/37/blank-profile-picture-973460_640.png"
"Jean Duchampt","M","531","407","523","611","France","https://content.protriathletes.org/content/images/2024/05/61a3aae9-fcfd-47b0-90a2-b535f61bd292.png"
"Alessandro Vita","M","532","248","518","510","Italy","https://cdn.pixabay.com/photo/2015/10/05/22/37/blank-profile-picture-973460_640.png"
"Gorka Arechabaleta Guerrero","M","533","673","571","678","Spain","https://cdn.pixabay.com/photo/2015/10/05/22/37/blank-profile-picture-973460_640.png"
"Tomasz Marcinek","M",,,,,,"https://content.protriathletes.org/content/images/2026/03/e498955a-ac22-49f7-9d3c-312660be90cd.png"
"Flavio Morandini","M","535","356","507","597","Argentina","https://cdn.pixabay.com/photo/2015/10/05/22/37/blank-profile-picture-973460_640.png"
"Yannick Matejicek","M","536","857","810","710","France","https://content.protriathletes.org/content/images/2024/05/61a3aae9-fcfd-47b0-90a2-b535f61bd292.png"
"Aaron Royle","M","537","478","531","583","Australia","https://content.protriathletes.org/content/images/2025/05/61ceb970-740b-46fc-9363-1d7340ebccf6.png"
"David Breinlinger","M","538","323","477","527","Germany","https://cdn.pixabay.com/photo/2015/10/05/22/37/blank-profile-picture-973460_640.png"
"Sergio Ortiz Velasco","M","539","614","617","433","Spain","https://cdn.pixabay.com/photo/2015/10/05/22/37/blank-profile-picture-973460_640.png"
"Lukas Stengel","M","540","506","464","573","Germany","https://cdn.pixabay.com/photo/2015/10/05/22/37/blank-profile-picture-973460_640.png"
"Angel Ruiz","M","541","348","540","521","Chile","https://cdn.pixabay.com/photo/2015/10/05/22/37/blank-profile-picture-973460_640.png"
"Branden Scheel","M","542","668","559","440","United States of America","https://cdn.pixabay.com/photo/2015/10/05/22/37/blank-profile-picture-973460_640.png"
"Lukasz Lis","M","543","545","588","530","Poland","https://cdn.pixabay.com/photo/2015/10/05/22/37/blank-profile-picture-973460_640.png"
"Alex Woodman","M","544","425","481","602","Great Britain","https://content.protriathletes.org/content/images/2023/02/2bd6144b-62e9-456d-beaf-45d59eab7649.png"
"Jesse Van Hulst","M","545","603","420","671","Netherlands","https://cdn.pixabay.com/photo/2015/10/05/22/37/blank-profile-picture-973460_640.png"
"Keegan Cooke","M","546","503","587","459","South Africa","https://cdn.pixabay.com/photo/2015/10/05/22/37/blank-profile-picture-973460_640.png"
"Arthur Horseau","M","547","856","529","532","France","https://content.protriathletes.org/content/images/2024/05/61a3aae9-fcfd-47b0-90a2-b535f61bd292.png"
"Jeremy Maclean","M","548","561","541","674","United States of America","https://content.protriathletes.org/content/images/2026/03/dbc474c5-e719-4564-a6f0-9ec5f21ded96.png"
"Daniel Tolosa","M","549","401","622","656","Spain","https://content.protriathletes.org/content/images/2025/05/61ceb970-740b-46fc-9363-1d7340ebccf6.png"
"Thibault Montmeat","M","550","817","818","685","France","https://cdn.pixabay.com/photo/2015/10/05/22/37/blank-profile-picture-973460_640.png"
"Alexander Frank","M","551","662","555","500","United States of America","https://content.protriathletes.org/content/images/2023/06/b3682145-067c-4c2f-9f1a-7b678c997b53.png"
"Benjamin Goodfellow","M","552","476","517","541","Great Britain","https://content.protriathletes.org/content/images/2023/02/2bd6144b-62e9-456d-beaf-45d59eab7649.png"
"Nicolo Basso","M","553","463","593","484","Italy","https://cdn.pixabay.com/photo/2015/10/05/22/37/blank-profile-picture-973460_640.png"
"Vasco Vilaca","M","554","516","556","520","Portugal","https://cdn.pixabay.com/photo/2015/10/05/22/37/blank-profile-picture-973460_640.png"
"Adrien Briffod","M","555","537","565","564","Switzerland","https://cdn.pixabay.com/photo/2015/10/05/22/37/blank-profile-picture-973460_640.png"
"Ramon Ejeda Medina","M","556","766","953","741","Spain","https://cdn.pixabay.com/photo/2015/10/05/22/37/blank-profile-picture-973460_640.png"
"Matthieu Bolzer","M","557","658","586","487","France","https://content.protriathletes.org/content/images/2024/05/a60f8a1e-0589-4060-85c4-3dfa466b81fe.png"
"Sebastian Wernersen","M","558","455","553","596","Norway","https://cdn.pixabay.com/photo/2015/10/05/22/37/blank-profile-picture-973460_640.png"
"Adam Feigh","M","559","576","474","502","United States of America","https://content.protriathletes.org/content/images/2023/06/b3682145-067c-4c2f-9f1a-7b678c997b53.png"
"David Guete","M","560","528","594","449","Colombia","https://cdn.pixabay.com/photo/2015/10/05/22/37/blank-profile-picture-973460_640.png"
"Pere Bifet Verge","M","561","790","577","451","Spain","https://cdn.pixabay.com/photo/2015/10/05/22/37/blank-profile-picture-973460_640.png"
"Pascal Tischler","M","562","432","521","623","Germany","https://cdn.pixabay.com/photo/2015/10/05/22/37/blank-profile-picture-973460_640.png"
"Dylan Mcmurrer","M","563","347","475","543","United States of America","https://content.protriathletes.org/content/images/2026/03/dbc474c5-e719-4564-a6f0-9ec5f21ded96.png"
"Dylan Gillespie","M","564","336","509","626","United States of America","https://content.protriathletes.org/content/images/2026/03/dbc474c5-e719-4564-a6f0-9ec5f21ded96.png"
"Vicente Trewhela","M","565","319","542","630","Chile","https://cdn.pixabay.com/photo/2015/10/05/22/37/blank-profile-picture-973460_640.png"
"Lasse Lührs","M","566","523","566","558","Germany","https://cdn.pixabay.com/photo/2015/10/05/22/37/blank-profile-picture-973460_640.png"
"Felix Schulz","M","567","552","525","540","Germany","https://cdn.pixabay.com/photo/2015/10/05/22/37/blank-profile-picture-973460_640.png"
"Bradley Weiss","M","568","551","557","590","South Africa","https://content.protriathletes.org/content/images/2024/05/a60f8a1e-0589-4060-85c4-3dfa466b81fe.png"
"Ludovic Roussel","M","569","558","532","585","France","https://cdn.pixabay.com/photo/2015/10/05/22/37/blank-profile-picture-973460_640.png"
"Matt Burton","M","570","418","432","549","Australia","https://content.protriathletes.org/content/images/2021/05/654f031e-116c-4f1a-8cf0-601378febff5.png"
"Reed Horton","M","571","672","599","386","United States of America","https://cdn.pixabay.com/photo/2015/10/05/22/37/blank-profile-picture-973460_640.png"
"Roee Zoarets","M","572","511","597","522","Iceland","https://cdn.pixabay.com/photo/2015/10/05/22/37/blank-profile-picture-973460_640.png"
"Tommaso Puccini","M","573","574","560","523","Australia","https://cdn.pixabay.com/photo/2015/10/05/22/37/blank-profile-picture-973460_640.png"
"Michal Grabowski","M","574","920","767","547","Poland","https://content.protriathletes.org/content/images/2024/05/a60f8a1e-0589-4060-85c4-3dfa466b81fe.png"
"Manoel Messias Dos Santos","M","575","599","592","513","Brazil","https://content.protriathletes.org/content/images/2025/04/70345f13-65aa-4099-a1d5-75248810b4c0.png"
"Joao Teixeira Alvares Neto","M","576","395","535","619","Brazil","https://cdn.pixabay.com/photo/2015/10/05/22/37/blank-profile-picture-973460_640.png"
"Gergo Badar","M","577","557","549","560","Hungary","https://cdn.pixabay.com/photo/2015/10/05/22/37/blank-profile-picture-973460_640.png"
"Justus Bennewitz","M","578","629","513","574","Germany","https://cdn.pixabay.com/photo/2015/10/05/22/37/blank-profile-picture-973460_640.png"
"Robert Schoenberger","M","579","546","568","552","Germany","https://cdn.pixabay.com/photo/2015/10/05/22/37/blank-profile-picture-973460_640.png"
"Oliver Terry","M","580","792","783","723","Australia","https://content.protriathletes.org/content/images/2021/05/654f031e-116c-4f1a-8cf0-601378febff5.png"
"Emilio Tizon Valverde","M","581","783","595","488","Spain","https://cdn.pixabay.com/photo/2015/10/05/22/37/blank-profile-picture-973460_640.png"
"Victor Alexandre","M","582","582","446","706","Belgium","https://cdn.pixabay.com/photo/2015/10/05/22/37/blank-profile-picture-973460_640.png"
"Jaume Florit Orell","M","583","676","500","553","Spain","https://cdn.pixabay.com/photo/2015/10/05/22/37/blank-profile-picture-973460_640.png"
"Michael Arishita","M","584","544","607","571","United States of America","https://content.protriathletes.org/content/images/2023/11/86241f92-2866-4533-91a4-cf2d58b1e25f.png"
"Marcus Herbst","M","585","613","580","588","Germany","https://content.protriathletes.org/content/images/2021/12/6752eae3-833b-4df1-bf5b-92c960fd678e.png"
"Felix Hentschel","M","586","720","567","586","Germany","https://cdn.pixabay.com/photo/2015/10/05/22/37/blank-profile-picture-973460_640.png"
"Lilian Calmejane","M","587","728","421","659","France","https://cdn.pixabay.com/photo/2015/10/05/22/37/blank-profile-picture-973460_640.png"
"Tyler Mislawchuk","M","588","605","847","526","Canada","https://content.protriathletes.org/content/images/2025/04/70345f13-65aa-4099-a1d5-75248810b4c0.png"
"Zsombor Deak","M","589","687","602","470","Romania","https://cdn.pixabay.com/photo/2015/10/05/22/37/blank-profile-picture-973460_640.png"
"Alberto Eugenio Casillas Garcia","M","590","708","480","639","Spain","https://content.protriathletes.org/content/images/2021/12/6752eae3-833b-4df1-bf5b-92c960fd678e.png"
"Arthur Serrieres","M","591","711","683","539","France","https://content.protriathletes.org/content/images/2021/12/6752eae3-833b-4df1-bf5b-92c960fd678e.png"
"Shachar Sagiv","M","592","534","596","579","Israel","https://content.protriathletes.org/content/images/2025/04/70345f13-65aa-4099-a1d5-75248810b4c0.png"
"Levente Lukacs","M","593","334","606","569","Hungary","https://content.protriathletes.org/content/images/2024/09/3a1f5cac-3e22-44f5-ae8d-beb8a2f91e36.png"
"Dillon Longo","M","594","443","520","648","Canada","https://cdn.pixabay.com/photo/2015/10/05/22/37/blank-profile-picture-973460_640.png"
"Florian Lienhart","M","595","535","598","673","Austria","https://cdn.pixabay.com/photo/2015/10/05/22/37/blank-profile-picture-973460_640.png"
"Raul Arratia","M","596","567","603","557","Chile","https://content.protriathletes.org/content/images/2025/04/70345f13-65aa-4099-a1d5-75248810b4c0.png"
"Iestyn Harrett","M","597","514","650","535","Great Britain","https://cdn.pixabay.com/photo/2015/10/05/22/37/blank-profile-picture-973460_640.png"
"Jason Pohl","M","598","820","575","580","Canada","https://content.protriathletes.org/content/images/2021/05/f3e73bc5-1f54-4751-947b-85f650e910f1.png"
"Dario Giovine","M","599","682","621","508","Italy","https://cdn.pixabay.com/photo/2015/10/05/22/37/blank-profile-picture-973460_640.png"
"Liam Bird","M","600","559","506","595","New Zealand","https://cdn.pixabay.com/photo/2015/10/05/22/37/blank-profile-picture-973460_640.png"
"Jaime Izquierdo Alcazar","M","601","656","583","757","Spain","https://cdn.pixabay.com/photo/2015/10/05/22/37/blank-profile-picture-973460_640.png"
"Domenico Passuello","M","602","674","545","598","Italy","https://cdn.pixabay.com/photo/2015/10/05/22/37/blank-profile-picture-973460_640.png"
"Jonathan Sanchez Mosquera","M","603","776","639","430","Spain","https://cdn.pixabay.com/photo/2015/10/05/22/37/blank-profile-picture-973460_640.png"
"Miguel Fernandez Garcia","M","604","767","662","559","Spain","https://cdn.pixabay.com/photo/2015/10/05/22/37/blank-profile-picture-973460_640.png"
"Anton Blokhin","M","605","462","612","568","Belarus","https://cdn.pixabay.com/photo/2015/10/05/22/37/blank-profile-picture-973460_640.png"
"Aichlinn O'Reilly","M","606","619","691","518","Ireland","https://cdn.pixabay.com/photo/2015/10/05/22/37/blank-profile-picture-973460_640.png"
"Marco Lorenzon","M","607","584","669","616","Italy","https://cdn.pixabay.com/photo/2015/10/05/22/37/blank-profile-picture-973460_640.png"
"Joshua Monda","M","608","641","589","625","United States of America","https://content.protriathletes.org/content/images/2024/09/3a1f5cac-3e22-44f5-ae8d-beb8a2f91e36.png"
"Raphael Junghans","M","609","563","600","572","Germany","https://cdn.pixabay.com/photo/2015/10/05/22/37/blank-profile-picture-973460_640.png"
"Alex Trabucchi","M","610","505","605","591","Switzerland","https://cdn.pixabay.com/photo/2015/10/05/22/37/blank-profile-picture-973460_640.png"
"Jesse Hinrichs","M","611","579","569","684","Germany","https://cdn.pixabay.com/photo/2015/10/05/22/37/blank-profile-picture-973460_640.png"
"Mikel Arrasate Larrea","M","612","543","618","657","Spain","https://cdn.pixabay.com/photo/2015/10/05/22/37/blank-profile-picture-973460_640.png"
"Frederik Mathiesen","M","613","488","547","622","Denmark","https://cdn.pixabay.com/photo/2015/10/05/22/37/blank-profile-picture-973460_640.png"
"Francisco Javier Pelegrin Martinez","M","614","634","610","707","Spain","https://cdn.pixabay.com/photo/2015/10/05/22/37/blank-profile-picture-973460_640.png"
"Jose Ignacio Galvez Ponce","M","615","731","625","670","Spain","https://cdn.pixabay.com/photo/2015/10/05/22/37/blank-profile-picture-973460_640.png"
"Nicolas Gilbert","M","616","755","590","617","Canada","https://cdn.pixabay.com/photo/2015/10/05/22/37/blank-profile-picture-973460_640.png"
"Ben Faeh","M","617","550","619","682","Switzerland","https://cdn.pixabay.com/photo/2015/10/05/22/37/blank-profile-picture-973460_640.png"
"Jordan Bendura","M","618","690","679","314","United States of America","https://cdn.pixabay.com/photo/2015/10/05/22/37/blank-profile-picture-973460_640.png"
"Eneko Elosegui","M","619","615","579","584","Spain","https://cdn.pixabay.com/photo/2015/10/05/22/37/blank-profile-picture-973460_640.png"
"Marc Unger","M","620","721","539","641","Germany","https://content.protriathletes.org/content/images/2021/05/79f84215-b8aa-4c5e-b835-3c72f52c6f4f.png"
"Johannes Vogel","M","621","501","573","709","Germany","https://cdn.pixabay.com/photo/2015/10/05/22/37/blank-profile-picture-973460_640.png"
"Diogo Andrade Villarinho","M","622","292","584","628","Brazil","https://cdn.pixabay.com/photo/2015/10/05/22/37/blank-profile-picture-973460_640.png"
"Kevin Brann","M","623","655","538","624","Switzerland","https://cdn.pixabay.com/photo/2015/10/05/22/37/blank-profile-picture-973460_640.png"
"Alejandro Salmeron Tenorio","M","624","778","526","636","Spain","https://cdn.pixabay.com/photo/2015/10/05/22/37/blank-profile-picture-973460_640.png"
"Leon Sharp","M","625","706","546","576","Australia","https://cdn.pixabay.com/photo/2015/10/05/22/37/blank-profile-picture-973460_640.png"
"Nicola Piccinin","M","626","624","578","635","Italy","https://cdn.pixabay.com/photo/2015/10/05/22/37/blank-profile-picture-973460_640.png"
"Ignacio Cabrera Fernandez","M","627","816","851","909","Spain","https://cdn.pixabay.com/photo/2015/10/05/22/37/blank-profile-picture-973460_640.png"
"Pavel Hradil","M","628","512","609","661","Czechia","https://cdn.pixabay.com/photo/2015/10/05/22/37/blank-profile-picture-973460_640.png"
"Philip Pertl","M","629","616","631","654","Austria","https://cdn.pixabay.com/photo/2015/10/05/22/37/blank-profile-picture-973460_640.png"
"Erik Spindler","M","630","542","655","603","Austria","https://cdn.pixabay.com/photo/2015/10/05/22/37/blank-profile-picture-973460_640.png"
"Alexander Unzueta","M","631","922","725","879","Spain","https://cdn.pixabay.com/photo/2015/10/05/22/37/blank-profile-picture-973460_640.png"
"Martin Baeza","M","632","675","615","690","Chile","https://cdn.pixabay.com/photo/2015/10/05/22/37/blank-profile-picture-973460_640.png"
"Zach Leachman","M","633","639","744","490","United States of America","https://cdn.pixabay.com/photo/2015/10/05/22/37/blank-profile-picture-973460_640.png"
"Alexandre Banville","M","634","612","616","575","Canada","https://cdn.pixabay.com/photo/2015/10/05/22/37/blank-profile-picture-973460_640.png"
"David Plese","M","635","669","591","633","Slovenia","https://content.protriathletes.org/content/images/2021/04/05bf5ddc-d218-4007-bee5-0856b10e2be1.png"
"Daniel Rodriguez","M","636","733","656","587","Spain","https://content.protriathletes.org/content/images/2025/02/905ed4a7-bf55-44ea-8590-b55b0fa36f3b.png"
"Erik Mahoney","M","637","667","647","581","United States of America","https://cdn.pixabay.com/photo/2015/10/05/22/37/blank-profile-picture-973460_640.png"
"Jack Crome","M","638","597","686","613","Australia","https://cdn.pixabay.com/photo/2015/10/05/22/37/blank-profile-picture-973460_640.png"
"Mikel Gomez Martinez de Manso","M","639","823","836","844","Spain","https://cdn.pixabay.com/photo/2015/10/05/22/37/blank-profile-picture-973460_640.png"
"Jason Quinn","M","640","456","648","612","United States of America","https://cdn.pixabay.com/photo/2015/10/05/22/37/blank-profile-picture-973460_640.png"
"Alois Knabl","M","641","549","706","592","Austria","https://cdn.pixabay.com/photo/2015/10/05/22/37/blank-profile-picture-973460_640.png"
"Victor Alvarez De La Cruz","M","642","604","649","601","Spain","https://cdn.pixabay.com/photo/2015/10/05/22/37/blank-profile-picture-973460_640.png"
"Romaric Forques","M","643","626","620","689","Spain","https://cdn.pixabay.com/photo/2015/10/05/22/37/blank-profile-picture-973460_640.png"
"Tuz-i Pan","M","644","601","629","638","Chinese Taipei","https://cdn.pixabay.com/photo/2015/10/05/22/37/blank-profile-picture-973460_640.png"
"Christopher Dels","M","645","732","644","607","Germany","https://cdn.pixabay.com/photo/2015/10/05/22/37/blank-profile-picture-973460_640.png"
"Clement Maret","M","646","659","626","609","Switzerland","https://cdn.pixabay.com/photo/2015/10/05/22/37/blank-profile-picture-973460_640.png"
"Antonio Hernaert","M","647","762","636","615","Belgium","https://cdn.pixabay.com/photo/2015/10/05/22/37/blank-profile-picture-973460_640.png"
"Andrea Jonathan Alagona","M","648","835","696","604","Switzerland","https://cdn.pixabay.com/photo/2015/10/05/22/37/blank-profile-picture-973460_640.png"
"Enzo Bourdon","M","649","1024","1024","1026","France","https://cdn.pixabay.com/photo/2015/10/05/22/37/blank-profile-picture-973460_640.png"
"Nik Reinert","M","650","646","581","621","United States of America","https://cdn.pixabay.com/photo/2015/10/05/22/37/blank-profile-picture-973460_640.png"
"Matthieu Bourgeois","M","651","1075","1075","1077","France","https://cdn.pixabay.com/photo/2015/10/05/22/37/blank-profile-picture-973460_640.png"
"Will Clarke","M","652","588","582","728","Great Britain","https://content.protriathletes.org/content/images/2021/04/05bf5ddc-d218-4007-bee5-0856b10e2be1.png"
"Luis Miguel Velasquez","M","653","595","685","675","Venezuela","https://cdn.pixabay.com/photo/2015/10/05/22/37/blank-profile-picture-973460_640.png"
"Fabian Schoenke","M","654","647","614","726","Germany","https://cdn.pixabay.com/photo/2015/10/05/22/37/blank-profile-picture-973460_640.png"
"Dan Elliot","M","655","666","642","646","Great Britain","https://cdn.pixabay.com/photo/2015/10/05/22/37/blank-profile-picture-973460_640.png"
"Rafael Camara","M","656","716","574","644","Brazil","https://cdn.pixabay.com/photo/2015/10/05/22/37/blank-profile-picture-973460_640.png"
"Erik Yamir Ramos Croda","M","657","554","699","680","Mexico","https://cdn.pixabay.com/photo/2015/10/05/22/37/blank-profile-picture-973460_640.png"
"Matthew McGoey","M","658","677","667","679","United States of America","https://cdn.pixabay.com/photo/2015/10/05/22/37/blank-profile-picture-973460_640.png"
"Christopher Hammer","M","659","712","645","593","United States of America","https://cdn.pixabay.com/photo/2015/10/05/22/37/blank-profile-picture-973460_640.png"
"Luis Steiert","M","660","671","677","634","Germany","https://cdn.pixabay.com/photo/2015/10/05/22/37/blank-profile-picture-973460_640.png"
"Ivan Alvarez Gomez","M","661","640","710","605","Spain","https://cdn.pixabay.com/photo/2015/10/05/22/37/blank-profile-picture-973460_640.png"
"Amaury Dehez","M","662","752","670","567","France","https://cdn.pixabay.com/photo/2015/10/05/22/37/blank-profile-picture-973460_640.png"
"Tyson Wieland","M","663","565","628","658","United States of America","https://cdn.pixabay.com/photo/2015/10/05/22/37/blank-profile-picture-973460_640.png"
"Jorge Orrego Rivera","M","664","691","658","600","Chile","https://cdn.pixabay.com/photo/2015/10/05/22/37/blank-profile-picture-973460_640.png"
"Eduardo Siroto","M","665","736","635","650","Brazil","https://cdn.pixabay.com/photo/2015/10/05/22/37/blank-profile-picture-973460_640.png"
"Liam Lloyd","M","666","620","627","750","Great Britain","https://cdn.pixabay.com/photo/2015/10/05/22/37/blank-profile-picture-973460_640.png"
"Damian Martinez Baz","M","667","617","654","643","Spain","https://cdn.pixabay.com/photo/2015/10/05/22/37/blank-profile-picture-973460_640.png"
"Thomas Garvey","M","668","694","646","545","United States of America","https://cdn.pixabay.com/photo/2015/10/05/22/37/blank-profile-picture-973460_640.png"
"Yorlliry Moreno","M","669","483","657","632","Venezuela","https://cdn.pixabay.com/photo/2015/10/05/22/37/blank-profile-picture-973460_640.png"
"Lewis Eccleston","M","670","1063","1063","1065","Great Britain","https://cdn.pixabay.com/photo/2015/10/05/22/37/blank-profile-picture-973460_640.png"
"Jorik Van Egdom","M","671","768","664","701","Netherlands","https://cdn.pixabay.com/photo/2015/10/05/22/37/blank-profile-picture-973460_640.png"
"Tomas Renc","M","672","636","762","556","Czechia","https://cdn.pixabay.com/photo/2015/10/05/22/37/blank-profile-picture-973460_640.png"
"Kevin Portmann","M","673","750","637","683","France","https://cdn.pixabay.com/photo/2015/10/05/22/37/blank-profile-picture-973460_640.png"
"Ian King","M","674","553","665","637","United States of America","https://cdn.pixabay.com/photo/2015/10/05/22/37/blank-profile-picture-973460_640.png"
"Simon Wendlandt","M","675","648","759","562","Germany","https://cdn.pixabay.com/photo/2015/10/05/22/37/blank-profile-picture-973460_640.png"
"Christoph Ladits","M","676","689","632","681","Austria","https://cdn.pixabay.com/photo/2015/10/05/22/37/blank-profile-picture-973460_640.png"
"Kerman Alonso Vicente","M","677","539","624","668","Spain","https://cdn.pixabay.com/photo/2015/10/05/22/37/blank-profile-picture-973460_640.png"
"Jordan Rieck","M","678","623","630","722","Australia","https://cdn.pixabay.com/photo/2015/10/05/22/37/blank-profile-picture-973460_640.png"
"Matti Weitz","M","679","638","604","652","Germany","https://cdn.pixabay.com/photo/2015/10/05/22/37/blank-profile-picture-973460_640.png"
"Ryan Sedivec","M","680","678","633","647","United States of America","https://content.protriathletes.org/content/images/2024/06/a08c6177-03f7-4a66-ac97-e2c633b302df.png"
"Thomas Walsh","M","681","688","661","660","Ireland","https://cdn.pixabay.com/photo/2015/10/05/22/37/blank-profile-picture-973460_640.png"
"Jamie Price","M","682","665","676","655","Great Britain","https://cdn.pixabay.com/photo/2015/10/05/22/37/blank-profile-picture-973460_640.png"
"Dehan Louw","M","683","709","641","651","South Africa","https://cdn.pixabay.com/photo/2015/10/05/22/37/blank-profile-picture-973460_640.png"
"Cameron Wilson","M","684","718","634","774","Australia","https://cdn.pixabay.com/photo/2015/10/05/22/37/blank-profile-picture-973460_640.png"
"Joren Thys","M","685","839","678","687","Belgium","https://content.protriathletes.org/content/images/2022/04/837f93a9-17ac-4821-bf7e-afd7a0e31426.png"
"Stuart Gildea","M","686","580","681","663","United States of America","https://cdn.pixabay.com/photo/2015/10/05/22/37/blank-profile-picture-973460_640.png"
"Daniel Hahn","M","687","681","674","627","Germany","https://cdn.pixabay.com/photo/2015/10/05/22/37/blank-profile-picture-973460_640.png"
"Calvin Dräger","M","688","738","651","686","Germany","https://cdn.pixabay.com/photo/2015/10/05/22/37/blank-profile-picture-973460_640.png"
"Juan David Prada","M","689","643","671","665","Colombia","https://cdn.pixabay.com/photo/2015/10/05/22/37/blank-profile-picture-973460_640.png"
"Stephen Derrett","M","690","670","719","711","Great Britain","https://cdn.pixabay.com/photo/2015/10/05/22/37/blank-profile-picture-973460_640.png"
"Joona Lehtonen","M","691","866","934","914","Finland","https://cdn.pixabay.com/photo/2015/10/05/22/37/blank-profile-picture-973460_640.png"
"Rongheng Chen","M","692","730","729","645","China","https://cdn.pixabay.com/photo/2015/10/05/22/37/blank-profile-picture-973460_640.png"
"Gabriel Teran","M","693","590","766","649","Ecuador","https://cdn.pixabay.com/photo/2015/10/05/22/37/blank-profile-picture-973460_640.png"
"David Mendes Mercado","M","694","773","714","551","Spain","https://cdn.pixabay.com/photo/2015/10/05/22/37/blank-profile-picture-973460_640.png"
"Ryan Lund","M","695","649","746","669","United States of America","https://cdn.pixabay.com/photo/2015/10/05/22/37/blank-profile-picture-973460_640.png"
"Christoph Mattner","M","696","654","844","499","Germany","https://content.protriathletes.org/content/images/2022/04/837f93a9-17ac-4821-bf7e-afd7a0e31426.png"
"Mikel Garmendia Cruz","M","697","589","747","746","Spain","https://cdn.pixabay.com/photo/2015/10/05/22/37/blank-profile-picture-973460_640.png"
"Inigo Duarte Mijangos","M","698","769","611","724","Spain","https://cdn.pixabay.com/photo/2015/10/05/22/37/blank-profile-picture-973460_640.png"
"Garrick Loewen","M","699","581","659","777","Canada","https://cdn.pixabay.com/photo/2015/10/05/22/37/blank-profile-picture-973460_640.png"
"Paul Georgenthum","M","700","568","826","664","France","https://cdn.pixabay.com/photo/2015/10/05/22/37/blank-profile-picture-973460_640.png"
"Loic Draoulec","M","701","747","672","704","Australia","https://cdn.pixabay.com/photo/2015/10/05/22/37/blank-profile-picture-973460_640.png"
"Denis Chevrot","M","702","572","687","758","France","https://content.protriathletes.org/content/images/2021/04/e8a92004-b0a7-4f19-a8a6-5e2b04322f61.png"
"Cédric Ludet","M","703","796","640","769","France","https://content.protriathletes.org/content/images/2024/03/011004be-59ee-4133-9d85-94928730605b.png"
"Oliver Korfitsen","M","704","591","675","763","Denmark","https://cdn.pixabay.com/photo/2015/10/05/22/37/blank-profile-picture-973460_640.png"
"Casimir Moine","M","705","724","684","725","France","https://content.protriathletes.org/content/images/2024/03/011004be-59ee-4133-9d85-94928730605b.png"
"Alberto Bartolomeo Demarchi","M","706","661","608","867","Italy","https://cdn.pixabay.com/photo/2015/10/05/22/37/blank-profile-picture-973460_640.png"
"Strahinja Trakic","M","707","701","718","691","Serbia","https://cdn.pixabay.com/photo/2015/10/05/22/37/blank-profile-picture-973460_640.png"
"Jonathan Brownlee","M","708","592","663","829","Great Britain","https://cdn.pixabay.com/photo/2015/10/05/22/37/blank-profile-picture-973460_640.png"
"Lucas Cabral","M","709","679","724","582","Brazil","https://cdn.pixabay.com/photo/2015/10/05/22/37/blank-profile-picture-973460_640.png"
"Joao Victor Maldonado Lima","M","710","742","689","677","Brazil","https://cdn.pixabay.com/photo/2015/10/05/22/37/blank-profile-picture-973460_640.png"
"Sybren Baelde","M","711","744","712","742","Belgium","https://cdn.pixabay.com/photo/2015/10/05/22/37/blank-profile-picture-973460_640.png"
"Hector Tolsa García","M","712","635","903","653","Spain","https://cdn.pixabay.com/photo/2015/10/05/22/37/blank-profile-picture-973460_640.png"
"Jack Hindle","M","713","748","707","698","Great Britain","https://cdn.pixabay.com/photo/2015/10/05/22/37/blank-profile-picture-973460_640.png"
"Thomas Williams","M","714","844","690","693","New Zealand","https://cdn.pixabay.com/photo/2015/10/05/22/37/blank-profile-picture-973460_640.png"
"Lukas Gstaltner","M","715","702","774","618","Austria","https://cdn.pixabay.com/photo/2015/10/05/22/37/blank-profile-picture-973460_640.png"
"Gorka Rodriguez Hernandez","M","716","633","790","791","Spain","https://cdn.pixabay.com/photo/2015/10/05/22/37/blank-profile-picture-973460_640.png"
"Jesse Vondracek","M","717","570","709","688","United States of America","https://content.protriathletes.org/content/images/2021/12/962bb4ab-d961-4324-bfd5-54cd5632421e.png"
"Chia Hao Chang","M","718","650","841","666","Chinese Taipei","https://cdn.pixabay.com/photo/2015/10/05/22/37/blank-profile-picture-973460_640.png"
"Nick Bensley","M","719","797","652","744","Australia","https://cdn.pixabay.com/photo/2015/10/05/22/37/blank-profile-picture-973460_640.png"
"Tommaso Paoletti","M","720","722","701","786","Italy","https://cdn.pixabay.com/photo/2015/10/05/22/37/blank-profile-picture-973460_640.png"
"Thomas Devaux","M","721","786","416","714","France","https://cdn.pixabay.com/photo/2015/10/05/22/37/blank-profile-picture-973460_640.png"
"Lucas Moder","M","722","1066","1066","1068","France","https://cdn.pixabay.com/photo/2015/10/05/22/37/blank-profile-picture-973460_640.png"
"Thomas Nielsen","M",,,,,,"https://content.protriathletes.org/content/images/2026/03/e498955a-ac22-49f7-9d3c-312660be90cd.png"
"Kelly Thompson","M","724","703","720","736","Canada","https://cdn.pixabay.com/photo/2015/10/05/22/37/blank-profile-picture-973460_640.png"
"Ul Densa","M","725","663","698","796","Slovenia","https://cdn.pixabay.com/photo/2015/10/05/22/37/blank-profile-picture-973460_640.png"
"Jere Helminen","M","726","1048","1048","1050","Finland","https://cdn.pixabay.com/photo/2015/10/05/22/37/blank-profile-picture-973460_640.png"
"Abraham Serrano Carrasco","M","727","913","643","793","Spain","https://cdn.pixabay.com/photo/2015/10/05/22/37/blank-profile-picture-973460_640.png"
"Carter Stuhlmacher","M","728","489","623","855","United States of America","https://cdn.pixabay.com/photo/2015/10/05/22/37/blank-profile-picture-973460_640.png"
"Alfonso Izquierdo Alcazar","M","729","949","755","700","Spain","https://cdn.pixabay.com/photo/2015/10/05/22/37/blank-profile-picture-973460_640.png"
"Clément Cadot","M","730","637","749","696","France","https://cdn.pixabay.com/photo/2015/10/05/22/37/blank-profile-picture-973460_640.png"
"Eugenio Moreno Gonzalez","M","731","807","668","733","Spain","https://cdn.pixabay.com/photo/2015/10/05/22/37/blank-profile-picture-973460_640.png"
"Toon Marien","M","732","802","758","672","Belgium","https://content.protriathletes.org/content/images/2021/12/962bb4ab-d961-4324-bfd5-54cd5632421e.png"
"Harrison Wiles","M","733","600","750","751","Australia","https://cdn.pixabay.com/photo/2015/10/05/22/37/blank-profile-picture-973460_640.png"
"Joe Begbie","M","734","608","688","866","Australia","https://cdn.pixabay.com/photo/2015/10/05/22/37/blank-profile-picture-973460_640.png"
"Vincent Clavel","M","735","789","722","765","France","https://cdn.pixabay.com/photo/2015/10/05/22/37/blank-profile-picture-973460_640.png"
"Joanes Goitisolo Otazua","M","736","803","697","847","Spain","https://cdn.pixabay.com/photo/2015/10/05/22/37/blank-profile-picture-973460_640.png"
"Andres Perez Hernandez","M","737","854","703","832","Spain","https://cdn.pixabay.com/photo/2015/10/05/22/37/blank-profile-picture-973460_640.png"
"Jan Schiebl","M","738","602","732","766","Austria","https://cdn.pixabay.com/photo/2015/10/05/22/37/blank-profile-picture-973460_640.png"
"Vicenç Castellà Serra","M","739","795","754","703","Spain","https://cdn.pixabay.com/photo/2015/10/05/22/37/blank-profile-picture-973460_640.png"
"Miguel Risco Bermejo","M","740","765","892","667","Spain","https://cdn.pixabay.com/photo/2015/10/05/22/37/blank-profile-picture-973460_640.png"
"Maurice Clavel","M","741","504","700","702","Germany","https://content.protriathletes.org/content/images/2021/04/09b4fc32-fcfd-45ce-aa03-5ec469fddf82.png"
"Baptiste Delmas","M","742","927","794","631","France","https://cdn.pixabay.com/photo/2015/10/05/22/37/blank-profile-picture-973460_640.png"
"Haritz Garate Txurruka","M","743","791","711","814","Spain","https://cdn.pixabay.com/photo/2015/10/05/22/37/blank-profile-picture-973460_640.png"
"Ismael Bocadulce Serrano","M","744","838","795","472","Spain","https://cdn.pixabay.com/photo/2015/10/05/22/37/blank-profile-picture-973460_640.png"
"Jayden Kuijpers","M","745","896","702","740","New Zealand","https://cdn.pixabay.com/photo/2015/10/05/22/37/blank-profile-picture-973460_640.png"
"Nicholas Marcantonio","M","746","876","734","620","United States of America","https://content.protriathletes.org/content/images/2021/10/dbcf8a63-4c68-4c8c-9c11-a7131bc1bda2.png"
"Mitchell Kirby","M","747","714","738","759","Canada","https://cdn.pixabay.com/photo/2015/10/05/22/37/blank-profile-picture-973460_640.png"
"Sam Hartle","M","748","625","660","824","United States of America","https://cdn.pixabay.com/photo/2015/10/05/22/37/blank-profile-picture-973460_640.png"
"Esteban Bringer","M","749","532","727","854","France","https://cdn.pixabay.com/photo/2015/10/05/22/37/blank-profile-picture-973460_640.png"
"Thomas Davies","M","750","867","682","749","Great Britain","https://content.protriathletes.org/content/images/2023/06/2f82f3d7-7625-46dd-8ec1-36d65e70a162.png"
"Xander Marsh","M","751","684","736","738","New Zealand","https://cdn.pixabay.com/photo/2015/10/05/22/37/blank-profile-picture-973460_640.png"
"Adam Goulet","M","752","754","708","705","United States of America","https://content.protriathletes.org/content/images/2023/09/27b4f195-3f4b-41ee-b7c9-361d0dabdea9.png"
"Malte Kreibich","M","753","627","713","885","Germany","https://cdn.pixabay.com/photo/2015/10/05/22/37/blank-profile-picture-973460_640.png"
"Martin Schulz","M","754","719","737","718","Germany","https://cdn.pixabay.com/photo/2015/10/05/22/37/blank-profile-picture-973460_640.png"
"Jordan Bryden","M","755","725","739","715","Canada","https://cdn.pixabay.com/photo/2015/10/05/22/37/blank-profile-picture-973460_640.png"
"Victor Henry","M","756","788","918","640","France","https://cdn.pixabay.com/photo/2015/10/05/22/37/blank-profile-picture-973460_640.png"
"Jamie Bedwell","M","757","746","733","811","Great Britain","https://content.protriathletes.org/content/images/2023/09/390153ad-5117-4fc9-8dba-da8602228e4d.png"
"Jacob Osswald","M","758","717","721","771","United States of America","https://cdn.pixabay.com/photo/2015/10/05/22/37/blank-profile-picture-973460_640.png"
"Gaspard Tharreau","M","759","585","781","768","France","https://cdn.pixabay.com/photo/2015/10/05/22/37/blank-profile-picture-973460_640.png"
"Matthias Tuerk","M","760","825","680","788","Germany","https://content.protriathletes.org/content/images/2025/01/62bf833e-beb9-4ca1-9a22-24d3bf88c475.png"
"Benjamin Deal","M","761","813","788","716","United States of America","https://content.protriathletes.org/content/images/2021/10/dbcf8a63-4c68-4c8c-9c11-a7131bc1bda2.png"
"Jamil Bacar Neto","M","762","908","858","589","Brazil","https://cdn.pixabay.com/photo/2015/10/05/22/37/blank-profile-picture-973460_640.png"
"Takaaki Koja","M","763","680","748","719","Japan","https://cdn.pixabay.com/photo/2015/10/05/22/37/blank-profile-picture-973460_640.png"
"Nacho Galvez Ponce","M","764","727","585","875","Spain","https://cdn.pixabay.com/photo/2015/10/05/22/37/blank-profile-picture-973460_640.png"
"Noah Tonkin","M","765","793","751","721","Australia","https://cdn.pixabay.com/photo/2015/10/05/22/37/blank-profile-picture-973460_640.png"
"Ricardo Maximiliano Rodriguez","M","766","888","829","550","Italy","https://cdn.pixabay.com/photo/2015/10/05/22/37/blank-profile-picture-973460_640.png"
"Arturo Guzman","M","767","756","695","886","Colombia","https://cdn.pixabay.com/photo/2015/10/05/22/37/blank-profile-picture-973460_640.png"
"Fraser Minnican","M","768","533","704","776","Great Britain","https://cdn.pixabay.com/photo/2015/10/05/22/37/blank-profile-picture-973460_640.png"
"William Fanet","M","769","644","772","954","France","https://cdn.pixabay.com/photo/2015/10/05/22/37/blank-profile-picture-973460_640.png"
"Sander Heemeryck","M","770","771","768","734","Belgium","https://cdn.pixabay.com/photo/2015/10/05/22/37/blank-profile-picture-973460_640.png"
"Adam Munch","M","771","850","787","699","Denmark","https://cdn.pixabay.com/photo/2015/10/05/22/37/blank-profile-picture-973460_640.png"
"Luca Heerdt","M","772","775","730","842","Germany","https://cdn.pixabay.com/photo/2015/10/05/22/37/blank-profile-picture-973460_640.png"
"Arnaud Dely","M","773","916","840","578","Belgium","https://cdn.pixabay.com/photo/2015/10/05/22/37/blank-profile-picture-973460_640.png"
"Ilya Prasolov","M","774","697","740","865","Russian Federation","https://cdn.pixabay.com/photo/2015/10/05/22/37/blank-profile-picture-973460_640.png"
"Herbert Enzinger","M","775","842","779","676","Germany","https://content.protriathletes.org/content/images/2025/01/62bf833e-beb9-4ca1-9a22-24d3bf88c475.png"
"Vant Lammers","M","776","861","773","730","United States of America","https://cdn.pixabay.com/photo/2015/10/05/22/37/blank-profile-picture-973460_640.png"
"Xoel Abad","M","777","741","761","823","Spain","https://cdn.pixabay.com/photo/2015/10/05/22/37/blank-profile-picture-973460_640.png"
"Silas Schmitt","M","778","1099","1099","904","Germany","https://cdn.pixabay.com/photo/2015/10/05/22/37/blank-profile-picture-973460_640.png"
"Sasha Caterina","M","779","631","728","932","Switzerland","https://cdn.pixabay.com/photo/2015/10/05/22/37/blank-profile-picture-973460_640.png"
"Theotime Lawson","M","780","645","837","713","France","https://cdn.pixabay.com/photo/2015/10/05/22/37/blank-profile-picture-973460_640.png"
"Antoine Mechin","M","781","804","864","735","France","https://cdn.pixabay.com/photo/2015/10/05/22/37/blank-profile-picture-973460_640.png"
"Fraser Walsh","M","782","777","862","779","Australia","https://cdn.pixabay.com/photo/2015/10/05/22/37/blank-profile-picture-973460_640.png"
"Daniel Mugica Corrales","M","783","833","789","755","Spain","https://cdn.pixabay.com/photo/2015/10/05/22/37/blank-profile-picture-973460_640.png"
"Raphael Dassonville","M","784","761","777","781","France","https://cdn.pixabay.com/photo/2015/10/05/22/37/blank-profile-picture-973460_640.png"
"Cole Kynoch","M","785","837","752","761","United States of America","https://cdn.pixabay.com/photo/2015/10/05/22/37/blank-profile-picture-973460_640.png"
"Thomas Cremers","M","786","884","996","998","Netherlands","https://cdn.pixabay.com/photo/2015/10/05/22/37/blank-profile-picture-973460_640.png"
"Danyil Odynets","M",,,,,,"https://content.protriathletes.org/content/images/2026/03/e498955a-ac22-49f7-9d3c-312660be90cd.png"
"Manuel Lessing","M","788","763","693","893","Germany","https://cdn.pixabay.com/photo/2015/10/05/22/37/blank-profile-picture-973460_640.png"
"Joeri Ameye","M","789","1052","1052","1054","Belgium","https://cdn.pixabay.com/photo/2015/10/05/22/37/blank-profile-picture-973460_640.png"
"Isaac Puig Lopez","M","790","891","803","662","Spain","https://cdn.pixabay.com/photo/2015/10/05/22/37/blank-profile-picture-973460_640.png"
"Jackson Harrell","M","791","729","839","747","United States of America","https://cdn.pixabay.com/photo/2015/10/05/22/37/blank-profile-picture-973460_640.png"
"Marcel Bischof","M","792","794","784","720","Germany","https://content.protriathletes.org/content/images/2023/02/74240512-e00c-49b5-857b-f7811c48084b.png"
"Shachar Agur","M","793","704","782","772","Israel","https://cdn.pixabay.com/photo/2015/10/05/22/37/blank-profile-picture-973460_640.png"
"Gotzon Gondra Etxebarria","M","794","923","731","775","Spain","https://cdn.pixabay.com/photo/2015/10/05/22/37/blank-profile-picture-973460_640.png"
"Renning Elischer","M","795","1093","1093","808","Germany","https://cdn.pixabay.com/photo/2015/10/05/22/37/blank-profile-picture-973460_640.png"
"Matej Machacek","M","796","808","756","764","Slovakia","https://cdn.pixabay.com/photo/2015/10/05/22/37/blank-profile-picture-973460_640.png"
"Avraham Mana","M","797","598","863","767","Iceland","https://cdn.pixabay.com/photo/2015/10/05/22/37/blank-profile-picture-973460_640.png"
"Mikel Mugica Bikuna","M","798","965","805","804","Spain","https://cdn.pixabay.com/photo/2015/10/05/22/37/blank-profile-picture-973460_640.png"
"Jonas De Wachter","M","799","569","778","753","Belgium","https://cdn.pixabay.com/photo/2015/10/05/22/37/blank-profile-picture-973460_640.png"
"Liam Duval","M","800","873","717","797","Australia","https://cdn.pixabay.com/photo/2015/10/05/22/37/blank-profile-picture-973460_640.png"
"Adrian Alvaro García","M","801","594","867","843","Spain","https://cdn.pixabay.com/photo/2015/10/05/22/37/blank-profile-picture-973460_640.png"
"Matthias Hohlrieder","M","802","653","694","852","Austria","https://cdn.pixabay.com/photo/2015/10/05/22/37/blank-profile-picture-973460_640.png"
"Devlin Derudder","M","803","869","819","695","Belgium","https://cdn.pixabay.com/photo/2015/10/05/22/37/blank-profile-picture-973460_640.png"
"Timothy Van Houtem","M","804","901","771","732","Belgium","https://cdn.pixabay.com/photo/2015/10/05/22/37/blank-profile-picture-973460_640.png"
"Pietro Santini","M","805","912","723","727","Italy","https://cdn.pixabay.com/photo/2015/10/05/22/37/blank-profile-picture-973460_640.png"
"Franck Guyon","M","806","1030","1030","1032","France","https://cdn.pixabay.com/photo/2015/10/05/22/37/blank-profile-picture-973460_640.png"
"Junjie Fan","M","807","707","831","743","China","https://cdn.pixabay.com/photo/2015/10/05/22/37/blank-profile-picture-973460_640.png"
"William McElgunn","M","808","764","808","815","United States of America","https://cdn.pixabay.com/photo/2015/10/05/22/37/blank-profile-picture-973460_640.png"
"Nicholas Dicklin","M","809","810","753","835","United States of America","https://cdn.pixabay.com/photo/2015/10/05/22/37/blank-profile-picture-973460_640.png"
"Nacho Tomas Escriva","M","810","865","796","839","Spain","https://cdn.pixabay.com/photo/2015/10/05/22/37/blank-profile-picture-973460_640.png"
"Remi Huens","M","811","967","875","610","France","https://cdn.pixabay.com/photo/2015/10/05/22/37/blank-profile-picture-973460_640.png"
"Nick Baldwin","M","812","812","807","770","Seychelles","https://cdn.pixabay.com/photo/2015/10/05/22/37/blank-profile-picture-973460_640.png"
"Theo Debard","M","813","1104","1104","1104","France","https://cdn.pixabay.com/photo/2015/10/05/22/37/blank-profile-picture-973460_640.png"
"Quentin Amaral","M","814","899","825","773","France","https://cdn.pixabay.com/photo/2015/10/05/22/37/blank-profile-picture-973460_640.png"
"Jose Cabeca","M","815","749","806","754","Portugal","https://cdn.pixabay.com/photo/2015/10/05/22/37/blank-profile-picture-973460_640.png"
"Levi Hauwert","M","816","801","799","787","Australia","https://cdn.pixabay.com/photo/2015/10/05/22/37/blank-profile-picture-973460_640.png"
"Shen-Yen Hsieh","M","817","726","821","778","Chinese Taipei","https://cdn.pixabay.com/photo/2015/10/05/22/37/blank-profile-picture-973460_640.png"
"Ander Michelena Beltran De Heredia","M","818","939","743","951","Spain","https://cdn.pixabay.com/photo/2015/10/05/22/37/blank-profile-picture-973460_640.png"
"Samuel Linsenmeier","M","819","715","827","729","Germany","https://cdn.pixabay.com/photo/2015/10/05/22/37/blank-profile-picture-973460_640.png"
"Christian Davey","M","820","780","866","712","New Zealand","https://cdn.pixabay.com/photo/2015/10/05/22/37/blank-profile-picture-973460_640.png"
"Karl-Johan Danielsson","M","821","782","797","782","Sweden","https://cdn.pixabay.com/photo/2015/10/05/22/37/blank-profile-picture-973460_640.png"
"Nathan Callais","M","822","1084","1084","1086","France","https://cdn.pixabay.com/photo/2015/10/05/22/37/blank-profile-picture-973460_640.png"
"Akseli Ylikoski","M","823","698","859","783","Finland","https://cdn.pixabay.com/photo/2015/10/05/22/37/blank-profile-picture-973460_640.png"
"Duncan Frey","M","824","632","817","937","Germany","https://cdn.pixabay.com/photo/2015/10/05/22/37/blank-profile-picture-973460_640.png"
"Alexander Berggren","M","825","560","813","785","Sweden","https://content.protriathletes.org/content/images/2021/05/52a97395-32ca-4b09-802d-42e4e9109dd6.png"
"Alexander Fuller","M","826","815","765","803","United States of America","https://cdn.pixabay.com/photo/2015/10/05/22/37/blank-profile-picture-973460_640.png"
"Martin Garcia","M","827","686","883","826","Ecuador","https://cdn.pixabay.com/photo/2015/10/05/22/37/blank-profile-picture-973460_640.png"
"Gregoire Lemaire","M","828","878","742","869","Belgium","https://cdn.pixabay.com/photo/2015/10/05/22/37/blank-profile-picture-973460_640.png"
"Jose Luis Orozco","M","829","821","843","794","Mexico","https://content.protriathletes.org/content/images/2026/04/5310e9a2-059e-4686-b649-dc789f429863.png"
"Aaron Kiss","M","830","630","838","836","Singapore","https://cdn.pixabay.com/photo/2015/10/05/22/37/blank-profile-picture-973460_640.png"
"Kristian Hindkjaer","M","831","759","745","916","Denmark","https://content.protriathletes.org/content/images/2021/05/52a97395-32ca-4b09-802d-42e4e9109dd6.png"
"Eitan Yudashkin","M","832","737","822","876","Israel","https://cdn.pixabay.com/photo/2015/10/05/22/37/blank-profile-picture-973460_640.png"
"Emmett Gross","M","833","828","613","798","United States of America","https://cdn.pixabay.com/photo/2015/10/05/22/37/blank-profile-picture-973460_640.png"
"Ethan Sunseri","M","834","811","824","708","United States of America","https://cdn.pixabay.com/photo/2015/10/05/22/37/blank-profile-picture-973460_640.png"
"Roc Bellostas Carreras","M","835","978","952","599","Spain","https://cdn.pixabay.com/photo/2015/10/05/22/37/blank-profile-picture-973460_640.png"
"Alejandro Astaburuaga Erena","M","836","935","757","801","Spain","https://cdn.pixabay.com/photo/2015/10/05/22/37/blank-profile-picture-973460_640.png"
"Andreas Bonnichsen","M","837","845","793","858","Denmark","https://cdn.pixabay.com/photo/2015/10/05/22/37/blank-profile-picture-973460_640.png"
"Mark Saroni","M","838","829","850","756","United States of America","https://content.protriathletes.org/content/images/2023/04/2000f8bd-53c3-4205-b1f9-c7ed8ea2597b.png"
"Steven Zawaski","M","839","841","876","748","United States of America","https://content.protriathletes.org/content/images/2021/05/7a54f979-1b84-4f05-b98f-6e3da54a5b8c.png"
"Patrick Brady","M","840","871","833","792","United States of America","https://content.protriathletes.org/content/images/2021/05/cba59e17-c51e-4091-b484-9fb172ccc3ca.png"
"Mathieu Rigollot","M","841","924","791","810","France","https://cdn.pixabay.com/photo/2015/10/05/22/37/blank-profile-picture-973460_640.png"
"Gerard Hubbard","M","842","798","760","833","United States of America","https://content.protriathletes.org/content/images/2026/04/5310e9a2-059e-4686-b649-dc789f429863.png"
"Rafael Madrid Almena","M","843","799","775","849","Spain","https://cdn.pixabay.com/photo/2015/10/05/22/37/blank-profile-picture-973460_640.png"
"Matthew Tonge","M","844","830","769","859","Australia","https://cdn.pixabay.com/photo/2015/10/05/22/37/blank-profile-picture-973460_640.png"
"Roberto Rivera Cabrera","M","845","753","823","817","Chile","https://cdn.pixabay.com/photo/2015/10/05/22/37/blank-profile-picture-973460_640.png"
"Jurriaan Schuring","M","846","960","798","834","Netherlands","https://cdn.pixabay.com/photo/2015/10/05/22/37/blank-profile-picture-973460_640.png"
"Levi Lukacs","M","847","607","846","784","Hungary","https://cdn.pixabay.com/photo/2015/10/05/22/37/blank-profile-picture-973460_640.png"
"Yoav Maliar","M","848","760","842","800","Israel","https://cdn.pixabay.com/photo/2015/10/05/22/37/blank-profile-picture-973460_640.png"
"Alex Ion","M","849","657","848","789","Romania","https://cdn.pixabay.com/photo/2015/10/05/22/37/blank-profile-picture-973460_640.png"
"Oliver Pritchard","M","850","851","852","825","New Zealand","https://cdn.pixabay.com/photo/2015/10/05/22/37/blank-profile-picture-973460_640.png"
"Richmond Sense","M","851","699","820","872","Australia","https://cdn.pixabay.com/photo/2015/10/05/22/37/blank-profile-picture-973460_640.png"
"Noe Chaufferin","M","852","1087","1087","1089","France","https://cdn.pixabay.com/photo/2015/10/05/22/37/blank-profile-picture-973460_640.png"
"Kyle Martinelli","M","853","877","764","827","United States of America","https://cdn.pixabay.com/photo/2015/10/05/22/37/blank-profile-picture-973460_640.png"
"Patrick Bleasel","M","854","834","868","790","Australia","https://cdn.pixabay.com/photo/2015/10/05/22/37/blank-profile-picture-973460_640.png"
"David Rodriguez","M","855","784","845","819","Spain","https://cdn.pixabay.com/photo/2015/10/05/22/37/blank-profile-picture-973460_640.png"
"Jakob Breinlinger","M","856","734","801","898","Germany","https://cdn.pixabay.com/photo/2015/10/05/22/37/blank-profile-picture-973460_640.png"
"Yunior Rosete Torres","M","857","740","830","870","United States of America","https://content.protriathletes.org/content/images/2021/05/cba59e17-c51e-4091-b484-9fb172ccc3ca.png"
"Wai Kai Wang","M","858","713","857","795","Chinese Taipei","https://cdn.pixabay.com/photo/2015/10/05/22/37/blank-profile-picture-973460_640.png"
"Frederik Waer","M","859","846","735","877","Belgium","https://cdn.pixabay.com/photo/2015/10/05/22/37/blank-profile-picture-973460_640.png"
"Loris Millot","M","860","814","853","806","France","https://cdn.pixabay.com/photo/2015/10/05/22/37/blank-profile-picture-973460_640.png"
"James Thorp","M","861","774","726","812","Australia","https://cdn.pixabay.com/photo/2015/10/05/22/37/blank-profile-picture-973460_640.png"
"Brice Gayant","M","862","1012","1012","1014","France","https://cdn.pixabay.com/photo/2015/10/05/22/37/blank-profile-picture-973460_640.png"
"Paul Hellberg","M","863","944","849","846","Austria","https://cdn.pixabay.com/photo/2015/10/05/22/37/blank-profile-picture-973460_640.png"
"William Balady","M","864","843","855","805","United States of America","https://cdn.pixabay.com/photo/2015/10/05/22/37/blank-profile-picture-973460_640.png"
"Scott Coombs","M","865","836","860","799","Canada","https://cdn.pixabay.com/photo/2015/10/05/22/37/blank-profile-picture-973460_640.png"
"Alberto Parrilla Ponce","M","866","651","871","981","Spain","https://cdn.pixabay.com/photo/2015/10/05/22/37/blank-profile-picture-973460_640.png"
"Eneko Izaguirre Lopez","M","867","951","937","807","Spain","https://cdn.pixabay.com/photo/2015/10/05/22/37/blank-profile-picture-973460_640.png"
"Nathan Cohen","M","868","781","763","912","United States of America","https://cdn.pixabay.com/photo/2015/10/05/22/37/blank-profile-picture-973460_640.png"
"Tamas Wagner","M","869","809","856","922","Hungary","https://cdn.pixabay.com/photo/2015/10/05/22/37/blank-profile-picture-973460_640.png"
"Jakob Mignon","M","870","1044","1044","1046","Belgium","https://cdn.pixabay.com/photo/2015/10/05/22/37/blank-profile-picture-973460_640.png"
"Javier Cardona Recio","M","871","586","800","862","Spain","https://cdn.pixabay.com/photo/2015/10/05/22/37/blank-profile-picture-973460_640.png"
"Sebastian Waldschütz","M","872","859","865","745","Austria","https://cdn.pixabay.com/photo/2015/10/05/22/37/blank-profile-picture-973460_640.png"
"Pablo Abad Castillo","M","873","743","961","837","Spain","https://cdn.pixabay.com/photo/2015/10/05/22/37/blank-profile-picture-973460_640.png"
"Lucas Herzog","M","874","1065","1065","1067","France","https://cdn.pixabay.com/photo/2015/10/05/22/37/blank-profile-picture-973460_640.png"
"Davide Rossetti","M","875","895","835","739","Italy","https://cdn.pixabay.com/photo/2015/10/05/22/37/blank-profile-picture-973460_640.png"
"Adrian Escrig","M","876","959","873","822","Spain","https://cdn.pixabay.com/photo/2015/10/05/22/37/blank-profile-picture-973460_640.png"
"Leo Cochin","M","877","696","889","888","France","https://cdn.pixabay.com/photo/2015/10/05/22/37/blank-profile-picture-973460_640.png"
"John Reed","M","878","849","907","880","United States of America","https://cdn.pixabay.com/photo/2015/10/05/22/37/blank-profile-picture-973460_640.png"
"Sergi Berga Llovera","M","879","941","770","973","Spain","https://cdn.pixabay.com/photo/2015/10/05/22/37/blank-profile-picture-973460_640.png"
"Jesus Jimenez Gimeno","M","880","693","917","985","Spain","https://cdn.pixabay.com/photo/2015/10/05/22/37/blank-profile-picture-973460_640.png"
"Matthias Gravendyk","M","881","872","900","840","Germany","https://cdn.pixabay.com/photo/2015/10/05/22/37/blank-profile-picture-973460_640.png"
"Maykon Douglas Das Silva Nascimento","M","882","1078","1078","1080","Brazil","https://cdn.pixabay.com/photo/2015/10/05/22/37/blank-profile-picture-973460_640.png"
"Matthias Steinwandter","M","883","770","884","813","Italy","https://cdn.pixabay.com/photo/2015/10/05/22/37/blank-profile-picture-973460_640.png"
"Antoine Muller","M","884","642","780","934","France","https://cdn.pixabay.com/photo/2015/10/05/22/37/blank-profile-picture-973460_640.png"
"Jakob Heeß","M","885","858","880","881","Germany","https://cdn.pixabay.com/photo/2015/10/05/22/37/blank-profile-picture-973460_640.png"
"Nicolas Thomas","M","886","1086","1086","1088","Belgium","https://cdn.pixabay.com/photo/2015/10/05/22/37/blank-profile-picture-973460_640.png"
"Telmo Barrutia Covas","M","887","964","869","946","Spain","https://cdn.pixabay.com/photo/2015/10/05/22/37/blank-profile-picture-973460_640.png"
"Hugo Ramos Del Barco","M","888","723","974","780","Spain","https://cdn.pixabay.com/photo/2015/10/05/22/37/blank-profile-picture-973460_640.png"
"Joep Staps","M","889","847","716","830","Netherlands","https://cdn.pixabay.com/photo/2015/10/05/22/37/blank-profile-picture-973460_640.png"
"Clement Simon","M","890","904","861","820","France","https://cdn.pixabay.com/photo/2015/10/05/22/37/blank-profile-picture-973460_640.png"
"Albert Sole Salcedo","M","891","905","877","891","Spain","https://cdn.pixabay.com/photo/2015/10/05/22/37/blank-profile-picture-973460_640.png"
"Jared Balady","M","892","892","893","816","United States of America","https://cdn.pixabay.com/photo/2015/10/05/22/37/blank-profile-picture-973460_640.png"
"Flavio Da Silva Queiroga","M","893","855","885","887","Brazil","https://cdn.pixabay.com/photo/2015/10/05/22/37/blank-profile-picture-973460_640.png"
"Tobias Vinther","M","894","1107","1107","1107","Denmark","https://cdn.pixabay.com/photo/2015/10/05/22/37/blank-profile-picture-973460_640.png"
"Louis Nicolaou","M","895","879","891","821","Australia","https://cdn.pixabay.com/photo/2015/10/05/22/37/blank-profile-picture-973460_640.png"
"Alejandro Garcia Sanchez","M","896","898","879","850","United States of America","https://cdn.pixabay.com/photo/2015/10/05/22/37/blank-profile-picture-973460_640.png"
"Drake Deuel","M","897","870","666","878","United States of America","https://cdn.pixabay.com/photo/2015/10/05/22/37/blank-profile-picture-973460_640.png"
"Richard Westover","M","898","887","888","890","Great Britain","https://cdn.pixabay.com/photo/2015/10/05/22/37/blank-profile-picture-973460_640.png"
"Thomas Angerer","M","899","942","804","944","Austria","https://cdn.pixabay.com/photo/2015/10/05/22/37/blank-profile-picture-973460_640.png"
"Jackson Silva Martins","M","900","863","887","856","Brazil","https://cdn.pixabay.com/photo/2015/10/05/22/37/blank-profile-picture-973460_640.png"
"Travis Wood","M","901","893","815","897","United States of America","https://content.protriathletes.org/content/images/2022/06/747ba9ac-b634-47c1-8052-4b8a2991f389.png"
"Mitchell Bronstetter","M","902","882","896","863","United States of America","https://cdn.pixabay.com/photo/2015/10/05/22/37/blank-profile-picture-973460_640.png"
"Edouard Verstraete","M","903","735","902","861","Belgium","https://cdn.pixabay.com/photo/2015/10/05/22/37/blank-profile-picture-973460_640.png"
"Rodrigo Alvarez Manzo","M","904","929","905","851","Mexico","https://cdn.pixabay.com/photo/2015/10/05/22/37/blank-profile-picture-973460_640.png"
"Antoine Waltzing","M","905","848","973","760","Belgium","https://cdn.pixabay.com/photo/2015/10/05/22/37/blank-profile-picture-973460_640.png"
"Andrew Woodroffe","M","906","910","894","737","Great Britain","https://cdn.pixabay.com/photo/2015/10/05/22/37/blank-profile-picture-973460_640.png"
"Mael Bissardon","M","907","868","919","853","France","https://cdn.pixabay.com/photo/2015/10/05/22/37/blank-profile-picture-973460_640.png"
"Josh Eaton","M","908","883","814","848","United States of America","https://content.protriathletes.org/content/images/2024/06/93191ed5-7941-4994-a659-d164eeefaa67.png"
"Alvaro Campos","M","909","622","895","845","Costa Rica","https://cdn.pixabay.com/photo/2015/10/05/22/37/blank-profile-picture-973460_640.png"
"Florian Maguerre","M","910","880","923","838","France","https://cdn.pixabay.com/photo/2015/10/05/22/37/blank-profile-picture-973460_640.png"
"Xabier Tijero Santillan","M","911","958","930","945","Spain","https://cdn.pixabay.com/photo/2015/10/05/22/37/blank-profile-picture-973460_640.png"
"Miguel Piqueras Marques","M","912","818","991","731","Spain","https://cdn.pixabay.com/photo/2015/10/05/22/37/blank-profile-picture-973460_640.png"
"Dominic Pollizzi","M","913","937","909","860","United States of America","https://cdn.pixabay.com/photo/2015/10/05/22/37/blank-profile-picture-973460_640.png"
"Luke Davis","M","914","889","908","831","United States of America","https://cdn.pixabay.com/photo/2015/10/05/22/37/blank-profile-picture-973460_640.png"
"Romain Loop","M","915","822","911","871","Belgium","https://cdn.pixabay.com/photo/2015/10/05/22/37/blank-profile-picture-973460_640.png"
"Wout Coenegrachts","M","916","692","926","818","Belgium","https://cdn.pixabay.com/photo/2015/10/05/22/37/blank-profile-picture-973460_640.png"
"Leonel Lucas","M","917","860","929","762","Ecuador","https://content.protriathletes.org/content/images/2022/06/747ba9ac-b634-47c1-8052-4b8a2991f389.png"
"Tom Zieba","M","918","902","904","692","France","https://cdn.pixabay.com/photo/2015/10/05/22/37/blank-profile-picture-973460_640.png"
"Amaury Theard","M","919","914","916","868","France","https://cdn.pixabay.com/photo/2015/10/05/22/37/blank-profile-picture-973460_640.png"
"Mohamad Alsabbagh","M","920","832","792","926","Syrian Arab Republic","https://content.protriathletes.org/content/images/2021/03/a7d1245c-01fe-47e4-bc54-7e0e5456f7ad.png"
"Taylor Reid","M","921","852","786","884","Canada","https://content.protriathletes.org/content/images/2021/03/a7d1245c-01fe-47e4-bc54-7e0e5456f7ad.png"
"Mikel Astiz Erro","M","922","957","834","752","Spain","https://cdn.pixabay.com/photo/2015/10/05/22/37/blank-profile-picture-973460_640.png"
"Jean-Claude Besse","M","923","806","881","911","Switzerland","https://content.protriathletes.org/content/images/2021/06/8ccaac58-3fb6-4f98-a378-f1d32b5ed761.png"
"Joan Benlliure Comas","M","924","975","816","967","Spain","https://cdn.pixabay.com/photo/2015/10/05/22/37/blank-profile-picture-973460_640.png"
"Sebastien Perpette","M","925","930","920","874","Belgium","https://cdn.pixabay.com/photo/2015/10/05/22/37/blank-profile-picture-973460_640.png"
"Jeremy Canham","M","926","886","922","841","Canada","https://cdn.pixabay.com/photo/2015/10/05/22/37/blank-profile-picture-973460_640.png"
"Benjamin Raffard","M","927","907","901","883","France","https://cdn.pixabay.com/photo/2015/10/05/22/37/blank-profile-picture-973460_640.png"
"Frederic Schaffner","M","928","909","924","882","France","https://cdn.pixabay.com/photo/2015/10/05/22/37/blank-profile-picture-973460_640.png"
"Nicolas Terrien","M","929","897","897","892","France","https://cdn.pixabay.com/photo/2015/10/05/22/37/blank-profile-picture-973460_640.png"
"Lukas Schnoedewind","M","930","695","705","925","Germany","https://cdn.pixabay.com/photo/2015/10/05/22/37/blank-profile-picture-973460_640.png"
"Antonin Lagarde","M","931","610","906","895","France","https://cdn.pixabay.com/photo/2015/10/05/22/37/blank-profile-picture-973460_640.png"
"Sergi Vera Font","M","932","906","898","902","Spain","https://cdn.pixabay.com/photo/2015/10/05/22/37/blank-profile-picture-973460_640.png"
"Dennis Ljung","M","933","911","928","864","Sweden","https://cdn.pixabay.com/photo/2015/10/05/22/37/blank-profile-picture-973460_640.png"
"Thomas Postic","M","934","915","899","905","France","https://cdn.pixabay.com/photo/2015/10/05/22/37/blank-profile-picture-973460_640.png"
"Robert Swan","M","935","785","874","857","United States of America","https://cdn.pixabay.com/photo/2015/10/05/22/37/blank-profile-picture-973460_640.png"
"Theo Charre","M","936","779","910","906","France","https://cdn.pixabay.com/photo/2015/10/05/22/37/blank-profile-picture-973460_640.png"
"Mathias Schenk","M","937","874","878","931","Austria","https://cdn.pixabay.com/photo/2015/10/05/22/37/blank-profile-picture-973460_640.png"
"Enaut Errazkin Alkorta","M","938","970","933","935","Spain","https://cdn.pixabay.com/photo/2015/10/05/22/37/blank-profile-picture-973460_640.png"
"Valentin Le MellÉdo","M","939","919","914","910","France","https://cdn.pixabay.com/photo/2015/10/05/22/37/blank-profile-picture-973460_640.png"
"Jules Bidaux","M","940","522","912","917","France","https://cdn.pixabay.com/photo/2015/10/05/22/37/blank-profile-picture-973460_640.png"
"Bastian Luthmann","M","941","921","913","915","Germany","https://cdn.pixabay.com/photo/2015/10/05/22/37/blank-profile-picture-973460_640.png"
"Denis Pyryev","M","942","840","812","918","United States of America","https://cdn.pixabay.com/photo/2015/10/05/22/37/blank-profile-picture-973460_640.png"
"Pierre Maguero","M","943","787","915","919","France","https://cdn.pixabay.com/photo/2015/10/05/22/37/blank-profile-picture-973460_640.png"
"Aitor Tejeria Aizpurua","M","944","932","947","896","Spain","https://cdn.pixabay.com/photo/2015/10/05/22/37/blank-profile-picture-973460_640.png"
"Dan Alterman","M","945","940","963","936","Israel","https://cdn.pixabay.com/photo/2015/10/05/22/37/blank-profile-picture-973460_640.png"
"Jon Garcia Uriarte","M","946","954","886","900","Spain","https://content.protriathletes.org/content/images/2024/04/de7f5da7-116c-459e-8edc-2a6e78c9ce54.png"
"Jaron Piercy","M","947","885","927","908","Canada","https://cdn.pixabay.com/photo/2015/10/05/22/37/blank-profile-picture-973460_640.png"
"Daniel Noeu","M","948","824","802","929","Sweden","https://cdn.pixabay.com/photo/2015/10/05/22/37/blank-profile-picture-973460_640.png"
"Mikel Aristi Gardoki","M","949","938","811","901","Spain","https://cdn.pixabay.com/photo/2015/10/05/22/37/blank-profile-picture-973460_640.png"
"Sönke Droska","M","950","864","936","903","Germany","https://cdn.pixabay.com/photo/2015/10/05/22/37/blank-profile-picture-973460_640.png"
"Peter Wenzelhuemer","M","951","945","785","938","Austria","https://cdn.pixabay.com/photo/2015/10/05/22/37/blank-profile-picture-973460_640.png"
"Jan Hoeing","M","952","900","925","939","Germany","https://cdn.pixabay.com/photo/2015/10/05/22/37/blank-profile-picture-973460_640.png"
"Edgar Epifanio Delgado","M","953","936","942","907","Spain","https://cdn.pixabay.com/photo/2015/10/05/22/37/blank-profile-picture-973460_640.png"
"Benat Bengoechea De La Iglesia","M","954","917","945","920","Spain","https://cdn.pixabay.com/photo/2015/10/05/22/37/blank-profile-picture-973460_640.png"
"Ricardo Quintero Velazquez","M","955","862","946","894","Mexico","https://cdn.pixabay.com/photo/2015/10/05/22/37/blank-profile-picture-973460_640.png"
"Lander Ortega Alvarez","M","956","826","949","913","Spain","https://cdn.pixabay.com/photo/2015/10/05/22/37/blank-profile-picture-973460_640.png"
"Bryce Chong","M","957","853","935","941","Singapore","https://cdn.pixabay.com/photo/2015/10/05/22/37/blank-profile-picture-973460_640.png"
"Jon Unanue","M","958","745","948","923","Spain","https://cdn.pixabay.com/photo/2015/10/05/22/37/blank-profile-picture-973460_640.png"
"Patrik Glaser","M","959","894","890","921","Slovenia","https://cdn.pixabay.com/photo/2015/10/05/22/37/blank-profile-picture-973460_640.png"
"Adrian Lainez","M","960","966","872","970","Spain","https://content.protriathletes.org/content/images/2022/10/afb51264-b348-4b95-b2f4-6ba1c8eb43ac.png"
"Victor Gutierrez Garcia","M","961","928","940","984","Spain","https://cdn.pixabay.com/photo/2015/10/05/22/37/blank-profile-picture-973460_640.png"
"Jesus Carrillo Chavez","M","962","685","921","933","Mexico","https://cdn.pixabay.com/photo/2015/10/05/22/37/blank-profile-picture-973460_640.png"
"Alexis Rochat","M","963","800","978","928","Switzerland","https://cdn.pixabay.com/photo/2015/10/05/22/37/blank-profile-picture-973460_640.png"
"Dan Aryeh","M","964","956","931","809","Israel","https://cdn.pixabay.com/photo/2015/10/05/22/37/blank-profile-picture-973460_640.png"
"Gorka Blasco Diaz","M","965","881","955","942","Spain","https://content.protriathletes.org/content/images/2024/04/de7f5da7-116c-459e-8edc-2a6e78c9ce54.png"
"Fernando Santander de la Munoza","M","966","931","938","960","Spain","https://cdn.pixabay.com/photo/2015/10/05/22/37/blank-profile-picture-973460_640.png"
"Alexander Gräf","M","967","926","954","940","Austria","https://cdn.pixabay.com/photo/2015/10/05/22/37/blank-profile-picture-973460_640.png"
"Rikigoro Shinozuka","M","968","933","951","927","Malaysia","https://cdn.pixabay.com/photo/2015/10/05/22/37/blank-profile-picture-973460_640.png"
"Philipp Lamprecht","M","969","946","809","943","Austria","https://cdn.pixabay.com/photo/2015/10/05/22/37/blank-profile-picture-973460_640.png"
"Adrian Cea Fol","M","970","947","943","975","Spain","https://cdn.pixabay.com/photo/2015/10/05/22/37/blank-profile-picture-973460_640.png"
"Hans-Joerg Stolz","M","971","903","741","950","Germany","https://cdn.pixabay.com/photo/2015/10/05/22/37/blank-profile-picture-973460_640.png"
"Ramon Troncoso Sobrino","M","972","974","854","986","Spain","https://cdn.pixabay.com/photo/2015/10/05/22/37/blank-profile-picture-973460_640.png"
"Javier Risco Bermejo","M","973","994","828","991","Spain","https://cdn.pixabay.com/photo/2015/10/05/22/37/blank-profile-picture-973460_640.png"
"Lennard Böge","M","974","934","941","952","Germany","https://cdn.pixabay.com/photo/2015/10/05/22/37/blank-profile-picture-973460_640.png"
"Jose Raul Martinez","M","975","953","944","976","Spain","https://cdn.pixabay.com/photo/2015/10/05/22/37/blank-profile-picture-973460_640.png"
"Miguel Cruz Arribas","M","976","827","832","969","Spain","https://cdn.pixabay.com/photo/2015/10/05/22/37/blank-profile-picture-973460_640.png"
"Gorka Bizkarra Etxegibel","M","977","948","939","947","Spain","https://cdn.pixabay.com/photo/2015/10/05/22/37/blank-profile-picture-973460_640.png"
"Jokin Liceaga","M","978","982","967","899","Spain","https://cdn.pixabay.com/photo/2015/10/05/22/37/blank-profile-picture-973460_640.png"
"Emil Shakhkeldian","M","979","805","968","948","Israel","https://cdn.pixabay.com/photo/2015/10/05/22/37/blank-profile-picture-973460_640.png"
"Miguel Zarzoso Garijo","M","980","819","957","949","Spain","https://content.protriathletes.org/content/images/2024/04/de7f5da7-116c-459e-8edc-2a6e78c9ce54.png"
"Remi Conte","M","981","710","932","972","France","https://cdn.pixabay.com/photo/2015/10/05/22/37/blank-profile-picture-973460_640.png"
"Oscar Gonzalez Dorado","M","982","875","956","964","Spain","https://cdn.pixabay.com/photo/2015/10/05/22/37/blank-profile-picture-973460_640.png"
"Jose Maria Jimenez Del Cano","M","983","971","980","828","Spain","https://cdn.pixabay.com/photo/2015/10/05/22/37/blank-profile-picture-973460_640.png"
"Vicente Cano Diaz","M","984","995","966","930","Spain","https://cdn.pixabay.com/photo/2015/10/05/22/37/blank-profile-picture-973460_640.png"
"Juan Carlos Martin Maldonado","M","985","961","870","963","Spain","https://cdn.pixabay.com/photo/2015/10/05/22/37/blank-profile-picture-973460_640.png"
"Asaf Porat","M","986","950","979","956","Israel","https://cdn.pixabay.com/photo/2015/10/05/22/37/blank-profile-picture-973460_640.png"
"Pablo Ania Barrachina","M","987","984","965","974","Spain","https://cdn.pixabay.com/photo/2015/10/05/22/37/blank-profile-picture-973460_640.png"
"Pierre Castro","M","988","962","882","977","France","https://cdn.pixabay.com/photo/2015/10/05/22/37/blank-profile-picture-973460_640.png"
"Oscar Garrido Ruiz","M","989","986","960","971","Spain","https://cdn.pixabay.com/photo/2015/10/05/22/37/blank-profile-picture-973460_640.png"
"Jorge Trescoli Valls","M","990","977","969","924","Spain","https://cdn.pixabay.com/photo/2015/10/05/22/37/blank-profile-picture-973460_640.png"
"Alexandre Castel Gautier","M","991","963","976","959","Spain","https://cdn.pixabay.com/photo/2015/10/05/22/37/blank-profile-picture-973460_640.png"
"Lluis Antoni Rodas Canellas","M","992","739","977","965","Spain","https://cdn.pixabay.com/photo/2015/10/05/22/37/blank-profile-picture-973460_640.png"
"Jose Miguel Vela Pulido","M","993","955","958","968","Spain","https://cdn.pixabay.com/photo/2015/10/05/22/37/blank-profile-picture-973460_640.png"
"Fabian Carmona Atanes","M","994","991","964","980","Spain","https://cdn.pixabay.com/photo/2015/10/05/22/37/blank-profile-picture-973460_640.png"
"Joan Baptista Barbera Suarez","M","995","973","962","990","Spain","https://cdn.pixabay.com/photo/2015/10/05/22/37/blank-profile-picture-973460_640.png"
"Or Shpitzen","M","996","943","950","966","Israel","https://cdn.pixabay.com/photo/2015/10/05/22/37/blank-profile-picture-973460_640.png"
"Alejandro Serratosa Marquez","M","997","979","989","957","Spain","https://cdn.pixabay.com/photo/2015/10/05/22/37/blank-profile-picture-973460_640.png"
"Txomin Osoro","M","998","983","971","978","Spain","https://cdn.pixabay.com/photo/2015/10/05/22/37/blank-profile-picture-973460_640.png"
"Yann Massyn","M","999","976","970","962","France","https://content.protriathletes.org/content/images/2024/06/84dbb27e-5ea6-4877-9a20-31600d55c613.png"
"Alberto Hermoso Diaz","M","1000","925","983","961","Spain","https://cdn.pixabay.com/photo/2015/10/05/22/37/blank-profile-picture-973460_640.png"
"Luis Carlos De La Casa Camuñas","M","1001","985","975","955","Spain","https://cdn.pixabay.com/photo/2015/10/05/22/37/blank-profile-picture-973460_640.png"
"Felipe Rodriguez","M","1002","968","984","958","Colombia","https://cdn.pixabay.com/photo/2015/10/05/22/37/blank-profile-picture-973460_640.png"
"Alberto Gomez Sanchez","M","1003","972","982","982","Spain","https://cdn.pixabay.com/photo/2015/10/05/22/37/blank-profile-picture-973460_640.png"
"Odei Aristu Laiglesia","M","1004","981","981","987","Spain","https://cdn.pixabay.com/photo/2015/10/05/22/37/blank-profile-picture-973460_640.png"
"Alberto Barrio Cagigal","M","1005","952","972","995","Spain","https://cdn.pixabay.com/photo/2015/10/05/22/37/blank-profile-picture-973460_640.png"
"Kenneth Vandendriessche","M","1006","987","985","953","Belgium","https://content.protriathletes.org/content/images/2024/06/84dbb27e-5ea6-4877-9a20-31600d55c613.png"
"Fabrice Van Espen","M","1007","989","986","979","Belgium","https://cdn.pixabay.com/photo/2015/10/05/22/37/blank-profile-picture-973460_640.png"
"Senen Tarancon Perez","M","1008","990","988","992","Spain","https://cdn.pixabay.com/photo/2015/10/05/22/37/blank-profile-picture-973460_640.png"
"Francisco Ruiz Romero","M","1009","969","990","993","Spain","https://cdn.pixabay.com/photo/2015/10/05/22/37/blank-profile-picture-973460_640.png"
"Ismael Madrid Novillo","M","1010","992","994","989","Spain","https://cdn.pixabay.com/photo/2015/10/05/22/37/blank-profile-picture-973460_640.png"
"Ruben Gambin Manzano","M","1011","831","987","997","Spain","https://cdn.pixabay.com/photo/2015/10/05/22/37/blank-profile-picture-973460_640.png"
"Marc Relat Ventura","M","1012","988","959","996","Spain","https://cdn.pixabay.com/photo/2015/10/05/22/37/blank-profile-picture-973460_640.png"
"Sergio Matilla Manteca","M","1013","980","993","994","Spain","https://cdn.pixabay.com/photo/2015/10/05/22/37/blank-profile-picture-973460_640.png"
"Marc Ortega Tudela","M","1014","996","992","988","Spain","https://cdn.pixabay.com/photo/2015/10/05/22/37/blank-profile-picture-973460_640.png"
"Eneko Brinas","M","1015","993","995","983","Spain","https://cdn.pixabay.com/photo/2015/10/05/22/37/blank-profile-picture-973460_640.png"
"Kate Waugh","F","1","3","5","4","Great Britain","https://content.protriathletes.org/content/images/2025/04/88be2f0a-2dbe-4139-8d3f-3640e7348529.png"
"Lucy Charles-Barclay","F","2","1","2","5","Great Britain","https://content.protriathletes.org/content/images/2025/04/c5946e0a-7833-4b14-aee8-dd3488d74d0f.png"
"Taylor Knibb","F","3","9","1","11","United States of America","https://content.protriathletes.org/content/images/2026/03/267e201f-fc85-410f-82ff-eb755c4cabd9.png"
"Julie Derron","F","4","23","6","3","Switzerland","https://content.protriathletes.org/content/images/2026/05/2d402c5c-efa8-407e-a61c-f7dfc25b647f.png"
"Georgia Taylor-Brown","F","5","6","13","6","Great Britain","https://content.protriathletes.org/content/images/2026/05/3e0bf9b8-278b-4f2b-bf47-75dbc4db0363.png"
"Solveig Løvseth","F","6","40","7","7","Norway","https://content.protriathletes.org/content/images/2025/10/b3e8b43a-7beb-435d-bbd3-aa42827ddc8e.png"
"Ashleigh Gentle","F","7","27","26","2","Australia","https://content.protriathletes.org/content/images/2025/04/0e94ec83-59bb-4e00-a265-6a3f8cc90a20.png"
"Jessica Learmonth","F","8","2","3","26","Great Britain","https://content.protriathletes.org/content/images/2025/04/fd8e94bf-7320-4c38-b044-3d4dac173f88.png"
"Kat Matthews","F","9","42","8","9","Great Britain","https://content.protriathletes.org/content/images/2024/05/b4fae354-9d23-4e7c-90bd-f8578982079c.png"
"Holly Lawrence","F","10","8","25","14","Great Britain","https://content.protriathletes.org/content/images/2026/05/3dc2dc3f-8a9a-4167-a435-fd5345079997.png"
"Ellie Salthouse","F","11","24","17","13","Australia","https://content.protriathletes.org/content/images/2026/03/d0def286-1ac3-454f-a91c-3817449f31d7.png"
"Hannah Berry","F","12","16","10","24","New Zealand","https://content.protriathletes.org/content/images/2025/04/61d7a238-cea3-46c7-a7be-5ba36815f25b.png"
"Caroline Pohle","F","13","17","14","18","Germany","https://content.protriathletes.org/content/images/2025/09/f3a5c8f1-c4c1-45bc-9682-9200523edb87.png"
"Lucy Byram","F","14","48","4","30","Great Britain","https://content.protriathletes.org/content/images/2025/04/395f6e83-b8fe-4721-8536-a024abba9634.png"
"Lisa Perterer","F","15","28","11","20","Austria","https://content.protriathletes.org/content/images/2025/04/7a8e809f-3bd7-4a19-bef9-a12e43ac8092.png"
"Sara Pérez Sala","F","16","4","24","23","Spain","https://content.protriathletes.org/content/images/2026/03/951e3a80-76df-4999-85b8-2f79ccb4f5a4.png"
"Taylor Spivey","F","17","5","46","10","United States of America","https://content.protriathletes.org/content/images/2026/05/3db04b73-5ecd-4634-9793-6994085041e4.png"
"Paula Findlay","F","18","60","20","27","Canada","https://content.protriathletes.org/content/images/2025/05/e70fb451-83c1-4347-a919-7f91817d43f7.png"
"India Lee","F","19","10","15","28","Great Britain","https://content.protriathletes.org/content/images/2026/05/b3265d70-4a76-4c8f-8fe2-a027cbf1f527.png"
"Lizzie Rayner","F","20","33","21","15","Great Britain","https://content.protriathletes.org/content/images/2026/05/693ec104-85b8-48a5-9916-7cceb5bde2aa.png"
"Imogen Simmonds","F","21","15","23","34","Switzerland","https://content.protriathletes.org/content/images/2026/03/e498955a-ac22-49f7-9d3c-312660be90cd.png"
"Alanis Siffert","F","22","11","9","35","Switzerland","https://content.protriathletes.org/content/images/2026/03/3b3813e1-a6db-4e3e-a49b-bd474fd95d5d.png"
"Marjolaine Pierré","F","23","43","19","31","France","https://content.protriathletes.org/content/images/2024/05/010adfb3-1b05-4813-807e-a6aa23bc42fa.png"
"Hanne De Vet","F","24","21","18","41","Belgium","https://content.protriathletes.org/content/images/2026/03/affcc552-4aae-4a8e-8d07-ec754355d53f.png"
"Lotte Wilms","F","25","12","16","47","Netherlands","https://content.protriathletes.org/content/images/2026/03/ee7aab2d-a219-4cb8-814a-9a8dec5302b3.png"
"Grace Thek","F","26","29","48","12","Australia","https://content.protriathletes.org/content/images/2025/04/c7aaaae4-a46e-4c95-b05c-f2a367e86be3.png"
"Daniela Kleiser","F","27","99","27","1","Germany","https://content.protriathletes.org/content/images/2026/03/2d9576e6-56f7-4caf-a36a-20ade7770397.png"
"Katrine Græsbøll Christensen","F","28","105","32","17","Denmark","https://content.protriathletes.org/content/images/2026/03/2a524ee9-2eb1-446a-b826-a1aceed84de1.png"
"Natalie Van Coevorden","F","29","18","40","33","Australia","https://content.protriathletes.org/content/images/2026/03/bd5e29b2-9879-4e96-8737-107021bb1110.png"
"Marta Sánchez","F","30","13","30","59","Spain","https://content.protriathletes.org/content/images/2025/04/110b3dcc-adbd-481a-a112-f7f84e88c421.png"
"Jackie Hering","F","31","55","50","25","United States of America","https://content.protriathletes.org/content/images/2024/05/d6db1a17-b617-4eb6-b4ce-8b5ac0c21d27.png"
"Tamara Jewett","F","32","87","84","8","Canada","https://content.protriathletes.org/content/images/2024/05/046d57b2-01f0-4d2d-b5a7-6f4101a1b7b0.png"
"Marlene De Boer","F","33","54","31","38","Netherlands","https://content.protriathletes.org/content/images/2025/04/214d916d-e611-46c2-81db-ac03006a7b70.png"
"Cathia Schär","F","34","61","58","19","Switzerland","https://content.protriathletes.org/content/images/2026/05/59e7f3af-0495-471e-b9b0-525b4bd6e9a1.png"
"Lena Meißner","F","35","19","51","45","Germany","https://content.protriathletes.org/content/images/2025/05/b99465a5-9763-43a4-9138-a4099ff68736.png"
"Sara Svensk","F","36","131","44","21","Sweden","https://content.protriathletes.org/content/images/2021/04/380dc10c-f116-43a2-9198-01daf7d869ab.png"
"Bianca Bogen","F","37","20","45","43","Germany","https://content.protriathletes.org/content/images/2026/05/77a97409-11b7-4e37-89bc-fe6c0af71568.png"
"Rebecca Anderbury","F","38","102","12","51","Great Britain","https://content.protriathletes.org/content/images/2025/09/fc2ee76f-dd9f-43b7-b76d-830ea7796809.png"
"Leana Bissig","F","39","53","43","32","Switzerland","https://content.protriathletes.org/content/images/2025/08/d248d2ba-c939-43a9-aee0-7dd6f8520701.png"
"Grace Alexander","F","40","36","47","69","United States of America","https://content.protriathletes.org/content/images/2025/08/bb3a5e26-6e11-4e09-9792-bab7f8874ff2.png"
"Anne-Sophie Pierre","F","41","128","36","22","France","https://content.protriathletes.org/content/images/2025/09/92f1df1c-d888-4056-8633-5195d4ae9a79.png"
"Nina Derron","F","42","45","37","58","Switzerland","https://content.protriathletes.org/content/images/2021/05/cfd1a3d6-9cb0-4fe9-857e-80ffc4bdfd38.png"
"Laura Jansen","F","43","64","54","37","Germany","https://content.protriathletes.org/content/images/2023/04/647719c7-8794-4163-8d77-6f061334322f.png"
"Diede Diederiks","F","44","95","28","46","Netherlands","https://content.protriathletes.org/content/images/2025/05/14262eb0-b67d-4d63-892f-852873bbb978.png"
"Nicole Van der Kaay","F","45","25","57","49","New Zealand","https://content.protriathletes.org/content/images/2026/03/7a1b4466-fe56-4019-8b96-c1ffa1b08239.png"
"Daisy Davies","F","46","26","52","73","Great Britain","https://content.protriathletes.org/content/images/2025/09/92f1df1c-d888-4056-8633-5195d4ae9a79.png"
"Kaidi Kivioja","F","47","72","29","65","Estonia","https://content.protriathletes.org/content/images/2026/05/3d730454-c7a3-4e80-9c2c-e57a5c655d48.png"
"Megan McDonald","F","48","47","41","66","Great Britain","https://content.protriathletes.org/content/images/2025/04/715d8336-4777-4806-a2f2-9bac996df652.png"
"Justine Guerard","F","49","39","66","50","France","https://content.protriathletes.org/content/images/2026/03/41dfc5dd-8000-4530-b135-252ee1ebe3b8.png"
"Danielle Lewis","F","50","130","34","42","United States of America","https://content.protriathletes.org/content/images/2022/06/ac7bab45-15ad-4e02-8ef8-252ec9865c4f.png"
"Regan Hollioake","F","51","30","33","90","Australia","https://content.protriathletes.org/content/images/2026/04/46e32bcd-69ac-4bab-aa82-baf85c2d0ce0.png"
"Elisabetta Curridori","F","52","120","76","36","Italy","https://content.protriathletes.org/content/images/2021/04/0e3bf26a-867c-4118-97cc-c8499884cb71.png"
"Els Visser","F","53","81","35","57","Netherlands","https://content.protriathletes.org/content/images/2025/04/378fd734-46e6-434b-a20e-70532842c16d.png"
"Merle Brunnee","F","54","123","22","39","Germany","https://content.protriathletes.org/content/images/2026/03/e2060b85-abf4-4e59-ab25-ed9a461d57d6.png"
"Chloe Hartnett","F","55","41","39","76","Australia","https://content.protriathletes.org/content/images/2026/03/5fdabab6-29c6-4778-bd39-cd3a5481b7ea.png"
"Penny Slater","F","56","68","49","75","Australia","https://content.protriathletes.org/content/images/2023/02/8e4c6026-fb00-4d42-b3f6-8cf8adce26c4.png"
"Amelia Watkinson","F","57","118","59","48","New Zealand","https://content.protriathletes.org/content/images/2025/10/bd87c374-7337-4040-ae98-951044b2e838.png"
"Marta Lagownik","F","58","77","71","16","Poland","https://content.protriathletes.org/content/images/2024/11/a5bb60fb-77e9-4217-ad24-d0846173f682.png"
"Charlene Clavel","F","59","88","53","56","France","https://content.protriathletes.org/content/images/2023/06/e11045de-d78d-4ddc-b391-df440fa28fe5.png"
"Djenyfer Arnold","F","60","49","90","63","Brazil","https://cdn.pixabay.com/photo/2015/10/05/22/37/blank-profile-picture-973460_640.png"
"Solenne Billouin","F","61","104","38","82","France","https://content.protriathletes.org/content/images/2023/03/810483e3-93fe-40d4-af0c-e157d90e9b65.png"
"Fenella Langridge","F","62","22","77","74","Great Britain","https://content.protriathletes.org/content/images/2025/10/72875da8-c70d-4817-ba6f-e9051d45dcb9.png"
"Gabrielle Lumkes","F","63","56","60","89","United States of America","https://content.protriathletes.org/content/images/2025/07/0a0d8222-7237-45f0-bb21-b632b8842865.png"
"Laura Philipp","F","64","112","79","55","Germany","https://content.protriathletes.org/content/images/2024/07/5cfc88e2-d38c-492f-8457-e40350acd148.png"
"Cecilia Perez","F","65","66","86","62","Mexico","https://content.protriathletes.org/content/images/2025/04/c53dea22-60b8-4a62-96cd-798a522eb672.png"
"Vittoria Lopes","F","66","32","65","97","Brazil","https://content.protriathletes.org/content/images/2025/05/0d5de58e-6a67-409a-88c3-1cf287a5fc09.png"
"Adele Likin","F","67","134","70","54","United States of America","https://content.protriathletes.org/content/images/2022/06/ac7bab45-15ad-4e02-8ef8-252ec9865c4f.png"
"Maja Stage Nielsen","F","68","62","68","87","Denmark","https://content.protriathletes.org/content/images/2023/05/a0e33d00-5871-4396-9e9f-f9a749fbf9d4.png"
"Anna Pabinger","F","69","227","81","29","Austria","https://cdn.pixabay.com/photo/2015/10/05/22/37/blank-profile-picture-973460_640.png"
"Sandra Huon","F","70","156","91","40","France","https://content.protriathletes.org/content/images/2024/11/a5bb60fb-77e9-4217-ad24-d0846173f682.png"
"Jenny Jendryschik","F","71","90","67","95","Germany","https://content.protriathletes.org/content/images/2025/11/71730f2d-c4e2-4777-8576-c76c4a88d17c.png"
"Anastacia Damm Nielsen","F","72","76","64","80","Denmark","https://content.protriathletes.org/content/images/2025/08/49315cfc-f624-4ecb-b492-4731025ed3fb.png"
"Rebecca Clarke","F","73","7","75","100","New Zealand","https://content.protriathletes.org/content/images/2026/03/454c72b4-6bef-4dee-954e-807588eca647.png"
"Lisa Becharas","F","74","101","56","103","United States of America","https://content.protriathletes.org/content/images/2025/05/e66840df-5433-4ad3-9583-27315d71fd09.png"
"Milan Agnew","F","75","69","96","92","Australia","https://content.protriathletes.org/content/images/2024/11/a5bb60fb-77e9-4217-ad24-d0846173f682.png"
"Julie Iemmolo","F","76","31","73","124","France","https://content.protriathletes.org/content/images/2025/08/956c2e99-1fc7-46c7-a9c7-ec4b2ca6de0e.png"
"Charlotte McShane","F","77","51","103","44","Australia","https://content.protriathletes.org/content/images/2025/07/0a0d8222-7237-45f0-bb21-b632b8842865.png"
"Marta Bernardi","F","78","73","83","83","Italy","https://content.protriathletes.org/content/images/2022/01/3554c84d-e81b-4b38-a1a1-7934950fd8f5.png"
"Jeanni Metzler","F","79","67","69","120","South Africa","https://content.protriathletes.org/content/images/2022/01/1a360abd-2b07-4120-88c3-5dfd2b81a1b2.png"
"Jeanne Collonge","F","80","170","134","125","France","https://cdn.pixabay.com/photo/2015/10/05/22/37/blank-profile-picture-973460_640.png"
"Rhianne Hughes","F","81","109","72","52","Great Britain","https://content.protriathletes.org/content/images/2026/03/9bc60483-62d4-4f42-bc43-2f46edbebe56.png"
"Lisa-Maria Dornauer","F","82","79","63","84","Austria","https://content.protriathletes.org/content/images/2026/03/25675aba-02b9-4e19-9896-0e4b7cfd4711.png"
"Bridget Theunissen","F","83","63","92","104","South Africa","https://content.protriathletes.org/content/images/2026/03/1946fd49-4197-4c62-a3d9-60d7960de0cc.png"
"Jana Uderstadt","F","84","111","80","78","Germany","https://content.protriathletes.org/content/images/2023/05/a0e33d00-5871-4396-9e9f-f9a749fbf9d4.png"
"Annamarie Strehlow","F","85","173","62","88","United States of America","https://content.protriathletes.org/content/images/2023/03/f5f74588-c232-48d5-a56b-c701f9e75d4f.png"
"Megan Armitage","F","86","185","42","53","Ireland","https://cdn.pixabay.com/photo/2015/10/05/22/37/blank-profile-picture-973460_640.png"
"Luisa Iogna Prat","F","87","38","126","68","Italy","https://content.protriathletes.org/content/images/2023/05/a0e33d00-5871-4396-9e9f-f9a749fbf9d4.png"
"Lottie Lucas","F","88","58","74","131","United Arab Emirates","https://content.protriathletes.org/content/images/2025/11/52dc197a-80ec-4f40-b929-e87e83c0670f.png"
"Gabriella Zelinka","F","89","195","172","152","Hungary","https://content.protriathletes.org/content/images/2022/01/3554c84d-e81b-4b38-a1a1-7934950fd8f5.png"
"Romina Biagioli","F","90","83","143","72","Argentina","https://content.protriathletes.org/content/images/2024/05/505466f3-1ee4-494e-bcf6-6c67cf403317.png"
"Sara Sandrini","F","91","85","117","81","Italy","https://content.protriathletes.org/content/images/2026/03/25675aba-02b9-4e19-9896-0e4b7cfd4711.png"
"Sarah Schoenfelder","F","92","193","55","114","Germany","https://content.protriathletes.org/content/images/2026/03/454c72b4-6bef-4dee-954e-807588eca647.png"
"Minttu Hukka","F","93","167","85","67","Finland","https://content.protriathletes.org/content/images/2025/04/2d4d1223-3566-465e-84f6-114744ec6779.png"
"Lilli Gelmini","F","94","37","133","60","Italy","https://content.protriathletes.org/content/images/2026/03/1946fd49-4197-4c62-a3d9-60d7960de0cc.png"
"Ekaterina Shabalina","F","95","74","141","61","Kazakhstan","https://cdn.pixabay.com/photo/2015/10/05/22/37/blank-profile-picture-973460_640.png"
"Audrey Merle","F","96","89","120","91","France","https://content.protriathletes.org/content/images/2026/05/43ab85eb-1f8a-406b-80f8-846c97cd1b8d.png"
"Shiva Leisner","F","97","144","88","85","Denmark","https://cdn.pixabay.com/photo/2015/10/05/22/37/blank-profile-picture-973460_640.png"
"Pamella Oliveira","F","98","59","128","93","Brazil","https://content.protriathletes.org/content/images/2024/05/505466f3-1ee4-494e-bcf6-6c67cf403317.png"
"Nikita Paskiewiez","F","99","164","100","64","France","https://content.protriathletes.org/content/images/2022/02/a523497c-1254-466e-9e74-770bac8995f6.png"
"Jasmine Brown","F","100","94","107","112","Australia","https://cdn.pixabay.com/photo/2015/10/05/22/37/blank-profile-picture-973460_640.png"
"Brooke Gillies","F","101","84","116","145","Great Britain","https://cdn.pixabay.com/photo/2015/10/05/22/37/blank-profile-picture-973460_640.png"
"Laura Madsen","F","102","100","78","129","Denmark","https://content.protriathletes.org/content/images/2025/08/e99c31fe-eeb8-482a-a3a5-ec1b717a86ee.png"
"Alexia Bailly","F","103","93","98","118","France","https://content.protriathletes.org/content/images/2022/02/a523497c-1254-466e-9e74-770bac8995f6.png"
"Sofia Aguayo Mauri","F","104","50","104","141","Spain","https://cdn.pixabay.com/photo/2015/10/05/22/37/blank-profile-picture-973460_640.png"
"Chelsea Sodaro","F","105","97","113","105","United States of America","https://content.protriathletes.org/content/images/2024/07/daced089-1ab5-4e83-bb9d-095b6bd00fb1.png"
"Molly Savill","F","106","35","125","126","Great Britain","https://content.protriathletes.org/content/images/2025/05/29c6fc6f-046c-4dfe-8bc2-4f7d4ef38974.png"
"Justine Mathieux","F","107","115","225","98","France","https://content.protriathletes.org/content/images/2025/09/044b45cc-1231-4009-ad4e-c5d1cc0161df.png"
"Johanna Ahrens","F","108","71","87","162","Germany","https://content.protriathletes.org/content/images/2023/11/f7be080e-dd6e-435c-bba3-d77a699f60f3.png"
"Kyra Meulenberg","F","109","225","115","71","Netherlands","https://content.protriathletes.org/content/images/2025/08/2dbbbe13-f30c-452f-9b70-db2da76c969f.png"
"Gabriele Maria Obmann","F","110","157","111","108","Austria","https://content.protriathletes.org/content/images/2023/11/f7be080e-dd6e-435c-bba3-d77a699f60f3.png"
"Katharina Krüger","F","111","52","121","136","Germany","https://content.protriathletes.org/content/images/2025/05/29c6fc6f-046c-4dfe-8bc2-4f7d4ef38974.png"
"Eloise Du Luart","F","112","116","101","119","France","https://content.protriathletes.org/content/images/2025/06/2ec8b5fa-24f6-4c64-ad4d-e3579bb37615.png"
"Michelle Stratton","F","113","107","123","96","United States of America","https://cdn.pixabay.com/photo/2015/10/05/22/37/blank-profile-picture-973460_640.png"
"Rachel Brown","F","114","138","130","102","Great Britain","https://content.protriathletes.org/content/images/2025/05/29c6fc6f-046c-4dfe-8bc2-4f7d4ef38974.png"
"Katie Remond","F","115","124","109","86","Australia","https://content.protriathletes.org/content/images/2024/09/6f3d8427-0032-4164-b6bc-be75b449196f.png"
"Marie Luyckx","F","116","108","105","149","Belgium","https://content.protriathletes.org/content/images/2025/05/29c6fc6f-046c-4dfe-8bc2-4f7d4ef38974.png"
"Danielle Fauteux","F","117","251","93","147","Canada","https://content.protriathletes.org/content/images/2025/08/2dbbbe13-f30c-452f-9b70-db2da76c969f.png"
"Magda Nieuwoudt","F","118","132","99","173","South Africa","https://content.protriathletes.org/content/images/2023/11/227c5f29-5bb4-45e3-a043-062bc0058bbe.png"
"Kate Curran","F","119","96","144","110","Great Britain","https://content.protriathletes.org/content/images/2024/09/6f3d8427-0032-4164-b6bc-be75b449196f.png"
"Lisa Gerss","F","120","142","129","94","Germany","https://content.protriathletes.org/content/images/2025/06/2ec8b5fa-24f6-4c64-ad4d-e3579bb37615.png"
"Lara Rajteric","F","121","141","89","174","Slovenia","https://cdn.pixabay.com/photo/2015/10/05/22/37/blank-profile-picture-973460_640.png"
"Kristen Marchant","F","122","70","112","154","Canada","https://cdn.pixabay.com/photo/2015/10/05/22/37/blank-profile-picture-973460_640.png"
"Kelly Barton","F","123","129","118","135","United States of America","https://cdn.pixabay.com/photo/2015/10/05/22/37/blank-profile-picture-973460_640.png"
"Margarita Ryan","F","124","14","158","109","United States of America","https://content.protriathletes.org/content/images/2023/09/7cd9a5ef-16fb-4686-84c7-f13687b06302.png"
"Eva Cornelisse","F","125","82","124","127","Netherlands","https://cdn.pixabay.com/photo/2015/10/05/22/37/blank-profile-picture-973460_640.png"
"Amelie Kretz","F","126","114","127","157","Canada","https://content.protriathletes.org/content/images/2025/06/c81e332a-be93-44ef-92c2-879172786fd5.png"
"Katie Phipkin","F","127","175","106","113","Great Britain","https://content.protriathletes.org/content/images/2025/06/2ec8b5fa-24f6-4c64-ad4d-e3579bb37615.png"
"Agnieszka Gadomska","F","128","106","165","77","Poland","https://content.protriathletes.org/content/images/2023/11/227c5f29-5bb4-45e3-a043-062bc0058bbe.png"
"Paige Cranage","F","129","163","137","99","Australia","https://content.protriathletes.org/content/images/2026/04/76ff70ef-95c2-4c5f-bccd-9bbb459a74f9.png"
"Maaike Vooren","F","130","169","194","233","Netherlands","https://cdn.pixabay.com/photo/2015/10/05/22/37/blank-profile-picture-973460_640.png"
"Macarena Salazar Ezquerra","F","131","80","114","168","Chile","https://cdn.pixabay.com/photo/2015/10/05/22/37/blank-profile-picture-973460_640.png"
"Stephanie Clutterbuck","F","132","34","61","190","Great Britain","https://content.protriathletes.org/content/images/2023/09/7cd9a5ef-16fb-4686-84c7-f13687b06302.png"
"Mena Suter","F","133","125","136","121","Switzerland","https://content.protriathletes.org/content/images/2025/06/2ec8b5fa-24f6-4c64-ad4d-e3579bb37615.png"
"Alice Alberts","F","134","155","94","196","United States of America","https://content.protriathletes.org/content/images/2023/09/7cd9a5ef-16fb-4686-84c7-f13687b06302.png"
"Caroline Kaplan","F","135","110","157","107","United States of America","https://content.protriathletes.org/content/images/2025/02/a441f4e9-f5e0-4fd1-94ed-2d1c1d99829d.png"
"Anja Koller","F","136","232","95","150","Switzerland","https://content.protriathletes.org/content/images/2026/04/535fb2ac-9291-4f44-af18-bc12a1c2e9c7.png"
"Laura Mathews","F","137","146","97","167","United States of America","https://cdn.pixabay.com/photo/2015/10/05/22/37/blank-profile-picture-973460_640.png"
"Maia Watson","F","138","250","230","176","Canada","https://content.protriathletes.org/content/images/2025/02/a441f4e9-f5e0-4fd1-94ed-2d1c1d99829d.png"
"Dominika Jamnicky","F","139","91","174","122","Canada","https://content.protriathletes.org/content/images/2025/06/c81e332a-be93-44ef-92c2-879172786fd5.png"
"Arlette Mariana Gonzalez Hurtado","F","140","145","167","111","Mexico","https://content.protriathletes.org/content/images/2023/09/7cd9a5ef-16fb-4686-84c7-f13687b06302.png"
"Sophie Malowiecki","F","141","200","279","218","Australia","https://cdn.pixabay.com/photo/2015/10/05/22/37/blank-profile-picture-973460_640.png"
"Skye Wallace","F","142","181","147","137","Australia","https://content.protriathletes.org/content/images/2026/04/76ff70ef-95c2-4c5f-bccd-9bbb459a74f9.png"
"Loanne Duvoisin","F","143","178","186","79","Switzerland","https://cdn.pixabay.com/photo/2015/10/05/22/37/blank-profile-picture-973460_640.png"
"Julia Skala","F","144","222","135","146","Germany","https://cdn.pixabay.com/photo/2015/10/05/22/37/blank-profile-picture-973460_640.png"
"Jasmine Holmes","F","145","57","166","177","Great Britain","https://content.protriathletes.org/content/images/2025/06/c81e332a-be93-44ef-92c2-879172786fd5.png"
"Maela Moison","F","146","44","154","151","France","https://cdn.pixabay.com/photo/2015/10/05/22/37/blank-profile-picture-973460_640.png"
"Aurelia Boulanger","F","147","245","102","183","France","https://content.protriathletes.org/content/images/2026/04/535fb2ac-9291-4f44-af18-bc12a1c2e9c7.png"
"Sophie Delguste","F","148","220","184","70","Belgium","https://cdn.pixabay.com/photo/2015/10/05/22/37/blank-profile-picture-973460_640.png"
"Joanna Ryter","F","149","172","110","117","Switzerland","https://content.protriathletes.org/content/images/2021/07/ec5e9356-135a-49ec-b7da-48ec5fc50792.png"
"Romina Palacio Balena","F","150","151","148","158","Argentina","https://cdn.pixabay.com/photo/2015/10/05/22/37/blank-profile-picture-973460_640.png"
"Miranda Tomenson","F","151","98","177","133","Canada","https://content.protriathletes.org/content/images/2023/09/7cd9a5ef-16fb-4686-84c7-f13687b06302.png"
"Desiree Knecht","F","152","150","169","116","Switzerland","https://cdn.pixabay.com/photo/2015/10/05/22/37/blank-profile-picture-973460_640.png"
"Hannah Knighton","F","153","46","156","179","New Zealand","https://cdn.pixabay.com/photo/2015/10/05/22/37/blank-profile-picture-973460_640.png"
"Alice Fritzsche","F","154","133","162","166","Switzerland","https://cdn.pixabay.com/photo/2015/10/05/22/37/blank-profile-picture-973460_640.png"
"Pietra Picolo Meneghini","F","155","201","155","170","Brazil","https://cdn.pixabay.com/photo/2015/10/05/22/37/blank-profile-picture-973460_640.png"
"Tara Rooney","F","156","165","179","138","United States of America","https://content.protriathletes.org/content/images/2026/03/5c3d1536-4b3a-4e54-8b04-9db2597477b7.png"
"Henrike Gueber","F","157","240","131","172","Germany","https://cdn.pixabay.com/photo/2015/10/05/22/37/blank-profile-picture-973460_640.png"
"Ali Brauer","F","158","121","119","227","United States of America","https://content.protriathletes.org/content/images/2021/07/dcc5900f-3c68-4508-a7f7-27ca09076d1d.png"
"Sina Ziegler","F","159","160","138","171","Switzerland","https://cdn.pixabay.com/photo/2015/10/05/22/37/blank-profile-picture-973460_640.png"
"Lauren Hume","F","160","255","258","181","Australia","https://content.protriathletes.org/content/images/2026/04/535fb2ac-9291-4f44-af18-bc12a1c2e9c7.png"
"Carolyn Olsen","F","161","187","152","115","United States of America","https://cdn.pixabay.com/photo/2015/10/05/22/37/blank-profile-picture-973460_640.png"
"Chloe Nicolas","F","162","229","151","197","France","https://cdn.pixabay.com/photo/2015/10/05/22/37/blank-profile-picture-973460_640.png"
"Sophia Green","F","163","65","108","211","Great Britain","https://cdn.pixabay.com/photo/2015/10/05/22/37/blank-profile-picture-973460_640.png"
"Jenna Haufler","F","164","78","145","224","United States of America","https://content.protriathletes.org/content/images/2021/07/ec5e9356-135a-49ec-b7da-48ec5fc50792.png"
"Kerry Girona","F","165","221","140","159","United States of America","https://content.protriathletes.org/content/images/2024/06/9c7f0f6d-af44-4b01-96f8-c30f08c2bdef.png"
"Leslie Homol","F","166","171","163","163","United States of America","https://content.protriathletes.org/content/images/2021/07/ec5e9356-135a-49ec-b7da-48ec5fc50792.png"
"Sarah Thomas","F","167","179","205","192","Australia","https://cdn.pixabay.com/photo/2015/10/05/22/37/blank-profile-picture-973460_640.png"
"Jacqueline Kallina","F","168","127","146","222","Austria","https://cdn.pixabay.com/photo/2015/10/05/22/37/blank-profile-picture-973460_640.png"
"Laura Kessler","F","169","243","150","160","Switzerland","https://content.protriathletes.org/content/images/2024/06/9c7f0f6d-af44-4b01-96f8-c30f08c2bdef.png"
"Clarice Chastang","F","170","228","180","132","United States of America","https://content.protriathletes.org/content/images/2024/06/9c7f0f6d-af44-4b01-96f8-c30f08c2bdef.png"
"Barbara Riveros","F","171","140","201","156","Chile","https://content.protriathletes.org/content/images/2023/05/90113c06-40ec-4d94-ac92-f83e6ec4b349.png"
"Samantha Kingsford","F","172","176","188","164","New Zealand","https://cdn.pixabay.com/photo/2015/10/05/22/37/blank-profile-picture-973460_640.png"
"Jodie Robertson","F","173","182","159","202","United States of America","https://content.protriathletes.org/content/images/2023/11/bf4ae6a0-566d-4184-b065-84754a86bc7c.png"
"Katie Colville","F","174","158","187","144","United States of America","https://content.protriathletes.org/content/images/2024/06/9c7f0f6d-af44-4b01-96f8-c30f08c2bdef.png"
"Antonia Milowsky","F","175","126","175","200","Germany","https://cdn.pixabay.com/photo/2015/10/05/22/37/blank-profile-picture-973460_640.png"
"Alycia Fast","F","176","267","211","140","United States of America","https://cdn.pixabay.com/photo/2015/10/05/22/37/blank-profile-picture-973460_640.png"
"Mariana Andrade","F","177","212","132","255","Brazil","https://content.protriathletes.org/content/images/2023/02/2aed3a7c-6c62-4d41-a65b-541c3d5360e5.png"
"Kayla Bowker","F","178","242","189","123","United States of America","https://content.protriathletes.org/content/images/2024/06/9c7f0f6d-af44-4b01-96f8-c30f08c2bdef.png"
"Carolin Meyer","F","179","213","178","194","Germany","https://content.protriathletes.org/content/images/2024/06/4ae67ab9-9df6-45d3-b6a2-1af251560030.png"
"Olivia Dietzel","F","180","180","182","106","United States of America","https://content.protriathletes.org/content/images/2024/06/9c7f0f6d-af44-4b01-96f8-c30f08c2bdef.png"
"Rosie Wild","F","181","297","122","193","Great Britain","https://content.protriathletes.org/content/images/2024/07/ef02113d-bb28-41db-a486-9490fee00f2b.png"
"Salome Hegi-Altermatt","F","182","139","160","186","Switzerland","https://content.protriathletes.org/content/images/2021/05/50c5e1fb-4ca7-4b2f-b98c-969e0b4391b4.png"
"Emma Skaug","F","183","154","149","245","Canada","https://cdn.pixabay.com/photo/2015/10/05/22/37/blank-profile-picture-973460_640.png"
"Amanda Macuiba","F","184","174","198","155","United States of America","https://cdn.pixabay.com/photo/2015/10/05/22/37/blank-profile-picture-973460_640.png"
"Rebecca Yunginger","F","185","216","82","240","United States of America","https://cdn.pixabay.com/photo/2015/10/05/22/37/blank-profile-picture-973460_640.png"
"Francesca Crestani","F","186","153","197","182","Italy","https://content.protriathletes.org/content/images/2024/06/4ae67ab9-9df6-45d3-b6a2-1af251560030.png"
"Marissa Lovell","F","187","244","239","101","United States of America","https://cdn.pixabay.com/photo/2015/10/05/22/37/blank-profile-picture-973460_640.png"
"Bruna Stolf","F","188","137","212","134","Brazil","https://content.protriathletes.org/content/images/2024/03/c47f794b-0bc3-4c2d-a0d6-610ce1f36d58.png"
"Francisca Garrido","F","189","239","219","143","Chile","https://content.protriathletes.org/content/images/2023/05/90113c06-40ec-4d94-ac92-f83e6ec4b349.png"
"Jamie Besse","F","190","211","161","153","Switzerland","https://content.protriathletes.org/content/images/2023/04/b6c8ebfb-d52b-4a0e-8d18-700a8144a065.png"
"Simona Krivankova","F","191","186","185","180","Czechia","https://cdn.pixabay.com/photo/2015/10/05/22/37/blank-profile-picture-973460_640.png"
"Zoe Leurs","F","192","191","176","188","Belgium","https://cdn.pixabay.com/photo/2015/10/05/22/37/blank-profile-picture-973460_640.png"
"Heleen Moes","F","193","247","170","187","Netherlands","https://content.protriathletes.org/content/images/2024/06/9c7f0f6d-af44-4b01-96f8-c30f08c2bdef.png"
"Sophie Evans","F","194","136","202","207","Great Britain","https://content.protriathletes.org/content/images/2026/05/93bd0f49-59c2-4847-b91e-22965d2d0fb9.png"
"Kate Bevilaqua","F","195","234","262","248","Australia","https://content.protriathletes.org/content/images/2021/05/50c5e1fb-4ca7-4b2f-b98c-969e0b4391b4.png"
"Lea Riccoboni","F","196","198","171","238","France","https://cdn.pixabay.com/photo/2015/10/05/22/37/blank-profile-picture-973460_640.png"
"Sarah Bonner","F","197","275","266","234","Canada","https://cdn.pixabay.com/photo/2015/10/05/22/37/blank-profile-picture-973460_640.png"
"Nikki Bartlett","F","198","233","200","184","Great Britain","https://content.protriathletes.org/content/images/2024/07/ef02113d-bb28-41db-a486-9490fee00f2b.png"
"Camilla Elofsson","F","199","262","195","128","Sweden","https://content.protriathletes.org/content/images/2024/06/9c7f0f6d-af44-4b01-96f8-c30f08c2bdef.png"
"Fiona Moriarty","F","200","226","164","230","Ireland","https://content.protriathletes.org/content/images/2024/03/e10dec21-964e-472d-bb00-7f0748cd2bad.png"
"Lydia Russell","F","201","209","231","169","United States of America","https://cdn.pixabay.com/photo/2015/10/05/22/37/blank-profile-picture-973460_640.png"
"Rachel Olson","F","202","86","210","210","United States of America","https://content.protriathletes.org/content/images/2024/03/c47f794b-0bc3-4c2d-a0d6-610ce1f36d58.png"
"Annette Rogers","F","203","166","209","203","United States of America","https://cdn.pixabay.com/photo/2015/10/05/22/37/blank-profile-picture-973460_640.png"
"Hannah Munday","F","204","75","203","229","Great Britain","https://content.protriathletes.org/content/images/2021/05/50c5e1fb-4ca7-4b2f-b98c-969e0b4391b4.png"
"Kirsten Kasper","F","205","147","248","204","United States of America","https://content.protriathletes.org/content/images/2025/02/085aa8dd-3d6c-48fa-a0dd-c1afb25ffbe9.png"
"Anne Basso","F","206","161","227","178","France","https://content.protriathletes.org/content/images/2021/05/5cd26d22-7455-4484-b10f-7417175d3b26.png"
"Marion Colard","F","207","296","173","206","France","https://content.protriathletes.org/content/images/2024/02/69ae5697-146a-48c4-ae7e-232d7444719a.png"
"Megan Tuncer","F","208","204","168","215","United States of America","https://cdn.pixabay.com/photo/2015/10/05/22/37/blank-profile-picture-973460_640.png"
"Steffie Le Benezic","F","209","265","215","139","Spain","https://content.protriathletes.org/content/images/2021/04/31d0f192-4c47-4e1b-b7ab-e16dd4de337a.png"
"Brittany Higgins","F","210","192","153","235","United States of America","https://content.protriathletes.org/content/images/2023/01/82ae18a9-1c2d-4d05-abcf-490db99dcb36.png"
"Danae Morris","F","211","199","228","198","Canada","https://cdn.pixabay.com/photo/2015/10/05/22/37/blank-profile-picture-973460_640.png"
"Rachael Tatko","F","212","159","214","161","United States of America","https://cdn.pixabay.com/photo/2015/10/05/22/37/blank-profile-picture-973460_640.png"
"Margareta Bicanova","F","213","103","181","189","Slovakia","https://cdn.pixabay.com/photo/2015/10/05/22/37/blank-profile-picture-973460_640.png"
"Mikelle Coelho","F","214","217","251","148","Brazil","https://content.protriathletes.org/content/images/2024/05/fcd96714-afe8-44f3-9d1e-1ba477b47941.png"
"Luiza Pais","F","215","92","191","259","Brazil","https://content.protriathletes.org/content/images/2024/03/c47f794b-0bc3-4c2d-a0d6-610ce1f36d58.png"
"Daniela Bleymehl","F","216","208","213","221","Germany","https://content.protriathletes.org/content/images/2023/05/32f0e951-d383-46f5-a9c6-d0213570e824.png"
"Claire Hann","F","217","122","192","237","Great Britain","https://content.protriathletes.org/content/images/2021/04/7d49b69a-7e17-4d5e-b79b-e29dbad7438b.png"
"Marie Ingerhed","F","218","248","139","244","Sweden","https://cdn.pixabay.com/photo/2015/10/05/22/37/blank-profile-picture-973460_640.png"
"Anna Bergsten","F","219","278","204","201","Sweden","https://content.protriathletes.org/content/images/2024/05/fcd96714-afe8-44f3-9d1e-1ba477b47941.png"
"Sophia Stückrad Deboy","F","220","299","183","243","Germany","https://content.protriathletes.org/content/images/2024/02/69ae5697-146a-48c4-ae7e-232d7444719a.png"
"Angela Naeth","F","221","237","142","247","United States of America","https://content.protriathletes.org/content/images/2021/05/5cd26d22-7455-4484-b10f-7417175d3b26.png"
"Anna Buettner","F","222","339","245","175","Germany","https://cdn.pixabay.com/photo/2015/10/05/22/37/blank-profile-picture-973460_640.png"
"Abbie Sullivan","F","223","190","199","209","United States of America","https://cdn.pixabay.com/photo/2015/10/05/22/37/blank-profile-picture-973460_640.png"
"Katharina Wolff","F","224","238","220","231","Germany","https://content.protriathletes.org/content/images/2023/05/32f0e951-d383-46f5-a9c6-d0213570e824.png"
"Joeanna Nielsen","F","225","218","221","223","Denmark","https://cdn.pixabay.com/photo/2015/10/05/22/37/blank-profile-picture-973460_640.png"
"Anne Reischmann","F","226","276","196","232","Germany","https://content.protriathletes.org/content/images/2024/05/22925643-29a0-4415-a68b-aa2ec58501ae.png"
"Anna Noguera Raja","F","-","0","0","0","Spain","https://cdn.pixabay.com/photo/2015/10/05/22/37/blank-profile-picture-973460_640.png"
"Mimi Carlton","F","228","290","224","165","Great Britain","https://content.protriathletes.org/content/images/2025/06/24cced3c-44a5-4c40-9e17-fc4fbb71eac7.png"
"Clare Dasso","F","229","117","217","262","United States of America","https://cdn.pixabay.com/photo/2015/10/05/22/37/blank-profile-picture-973460_640.png"
"Alice Betto","F","230","149","256","205","Italy","https://content.protriathletes.org/content/images/2025/06/24cced3c-44a5-4c40-9e17-fc4fbb71eac7.png"
"Raquel Rocha","F","231","311","272","358","Portugal","https://content.protriathletes.org/content/images/2024/05/fcd96714-afe8-44f3-9d1e-1ba477b47941.png"
"Tiina Pohjalainen","F","232","284","236","199","Finland","https://content.protriathletes.org/content/images/2024/05/22925643-29a0-4415-a68b-aa2ec58501ae.png"
"Carolina Fernandez Ortuno","F","233","223","249","142","Spain","https://cdn.pixabay.com/photo/2015/10/05/22/37/blank-profile-picture-973460_640.png"
"Freya Mckinley","F","234","152","216","249","United States of America","https://cdn.pixabay.com/photo/2015/10/05/22/37/blank-profile-picture-973460_640.png"
"Sarah Karpinski","F","235","214","232","191","United States of America","https://content.protriathletes.org/content/images/2024/05/ccbd4bc9-c738-4cdf-b8f8-4869b87d95c1.png"
"Corinne Mouw","F","236","230","270","130","United States of America","https://cdn.pixabay.com/photo/2015/10/05/22/37/blank-profile-picture-973460_640.png"
"Franzi Hofmann","F","237","205","237","226","Germany","https://content.protriathletes.org/content/images/2024/05/2d59feb2-d386-4407-be08-60390a20b9cb.png"
"Chelsea Hollingsworth","F","238","206","253","208","United States of America","https://cdn.pixabay.com/photo/2015/10/05/22/37/blank-profile-picture-973460_640.png"
"Emilie Morier","F","239","210","193","270","France","https://cdn.pixabay.com/photo/2015/10/05/22/37/blank-profile-picture-973460_640.png"
"Alice Cote-Allard","F","240","260","255","195","Canada","https://cdn.pixabay.com/photo/2015/10/05/22/37/blank-profile-picture-973460_640.png"
"Maialen Azpiazu","F","241","219","208","258","Spain","https://content.protriathletes.org/content/images/2021/04/31d0f192-4c47-4e1b-b7ab-e16dd4de337a.png"
"Hannah Walz","F","242","143","242","265","United States of America","https://cdn.pixabay.com/photo/2015/10/05/22/37/blank-profile-picture-973460_640.png"
"Skye Moench","F","243","252","226","242","United States of America","https://content.protriathletes.org/content/images/2024/05/ccbd4bc9-c738-4cdf-b8f8-4869b87d95c1.png"
"Abigail Bedwell","F","244","119","222","291","Great Britain","https://content.protriathletes.org/content/images/2023/11/c243f5cd-9292-4b5b-96c9-b4633a5a81ed.png"
"Alexandra Watt","F","245","188","240","225","United States of America","https://content.protriathletes.org/content/images/2024/05/ccbd4bc9-c738-4cdf-b8f8-4869b87d95c1.png"
"Jocelyn McCauley","F","246","184","229","261","United States of America","https://content.protriathletes.org/content/images/2024/05/a3064680-b5f3-4dc8-a2b2-a52b5f1f90ba.png"
"Alexandra Tondeur","F","247","300","235","236","Belgium","https://cdn.pixabay.com/photo/2015/10/05/22/37/blank-profile-picture-973460_640.png"
"Stephanie Wunderle","F","248","302","206","266","Germany","https://cdn.pixabay.com/photo/2015/10/05/22/37/blank-profile-picture-973460_640.png"
"Hannah Roessler","F","249","256","264","228","Austria","https://cdn.pixabay.com/photo/2015/10/05/22/37/blank-profile-picture-973460_640.png"
"Mary Ortega","F","250","113","233","253","Brazil","https://cdn.pixabay.com/photo/2015/10/05/22/37/blank-profile-picture-973460_640.png"
"Amy Vantassel","F","251","282","295","264","United States of America","https://content.protriathletes.org/content/images/2021/07/8719bc19-3b7e-43b7-a3cb-ab735e68d965.png"
"Leonie Konczalla","F","252","316","252","219","Germany","https://content.protriathletes.org/content/images/2024/05/ccbd4bc9-c738-4cdf-b8f8-4869b87d95c1.png"
"Samantha Skold","F","253","379","250","212","United States of America","https://content.protriathletes.org/content/images/2021/03/2e2997fe-c090-4fe6-b7f4-f036c50c71e3.png"
"Zaira Lorenzo Perez","F","254","309","312","315","Spain","https://cdn.pixabay.com/photo/2015/10/05/22/37/blank-profile-picture-973460_640.png"
"Giorgia Priarone","F","255","319","267","214","Italy","https://content.protriathletes.org/content/images/2024/05/2d59feb2-d386-4407-be08-60390a20b9cb.png"
"Vanessa Pereira","F","256","280","246","246","Portugal","https://cdn.pixabay.com/photo/2015/10/05/22/37/blank-profile-picture-973460_640.png"
"Juliette Lucet","F","257","332","368","433","France","https://cdn.pixabay.com/photo/2015/10/05/22/37/blank-profile-picture-973460_640.png"
"Mariella Sawyer","F","258","246","257","217","South Africa","https://content.protriathletes.org/content/images/2021/05/3e241918-33d6-475b-8fb9-7c830aaff46b.png"
"Laura Gillard","F","259","254","289","216","Australia","https://cdn.pixabay.com/photo/2015/10/05/22/37/blank-profile-picture-973460_640.png"
"Jodie Stimpson","F","260","194","234","294","Great Britain","https://content.protriathletes.org/content/images/2021/03/2e2997fe-c090-4fe6-b7f4-f036c50c71e3.png"
"Erika Danckers","F","261","279","207","260","United States of America","https://cdn.pixabay.com/photo/2015/10/05/22/37/blank-profile-picture-973460_640.png"
"Lydia Dant","F","262","266","243","263","Great Britain","https://content.protriathletes.org/content/images/2022/06/6e80810d-3b85-4631-81b2-13572c09e124.png"
"Aoibh Clarke","F","263","286","281","316","Ireland","https://cdn.pixabay.com/photo/2015/10/05/22/37/blank-profile-picture-973460_640.png"
"Mathilde Cartier","F","264","215","254","256","Switzerland","https://cdn.pixabay.com/photo/2015/10/05/22/37/blank-profile-picture-973460_640.png"
"Rebecca Kawaoka","F","265","331","283","213","United States of America","https://content.protriathletes.org/content/images/2021/07/8719bc19-3b7e-43b7-a3cb-ab735e68d965.png"
"Marta Borbon Llorente","F","266","257","277","272","Spain","https://content.protriathletes.org/content/images/2023/04/a27c8666-499a-4fb6-b1ef-f69416d893fa.png"
"Marley Beckett","F","267","324","293","252","Canada","https://cdn.pixabay.com/photo/2015/10/05/22/37/blank-profile-picture-973460_640.png"
"Caitlin Alexander","F","268","294","261","257","United States of America","https://content.protriathletes.org/content/images/2021/07/8719bc19-3b7e-43b7-a3cb-ab735e68d965.png"
"Allison Jacob","F","269","289","244","254","Canada","https://cdn.pixabay.com/photo/2015/10/05/22/37/blank-profile-picture-973460_640.png"
"Amber Lacompte","F","270","320","218","273","Belgium","https://cdn.pixabay.com/photo/2015/10/05/22/37/blank-profile-picture-973460_640.png"
"Francesca Smith","F","271","304","268","282","Great Britain","https://content.protriathletes.org/content/images/2025/05/c93b12cd-b630-4226-b936-a1ae3fcee588.png"
"Katie Spoelman-Vanacker","F","272","202","247","268","United States of America","https://cdn.pixabay.com/photo/2015/10/05/22/37/blank-profile-picture-973460_640.png"
"Madlen Kappeler","F","273","342","290","239","Germany","https://cdn.pixabay.com/photo/2015/10/05/22/37/blank-profile-picture-973460_640.png"
"Leah Parker","F","274","315","269","276","United States of America","https://content.protriathletes.org/content/images/2026/04/b61a710b-9fba-4163-88d1-a1dc592d30f8.png"
"Helene Alberdi Sololuze","F","275","258","291","251","Spain","https://content.protriathletes.org/content/images/2023/04/a27c8666-499a-4fb6-b1ef-f69416d893fa.png"
"Lara Hernandez-Tome","F","276","135","259","328","Spain","https://content.protriathletes.org/content/images/2021/03/2e2997fe-c090-4fe6-b7f4-f036c50c71e3.png"
"Rachael Mccarthy","F","277","298","278","271","Australia","https://cdn.pixabay.com/photo/2015/10/05/22/37/blank-profile-picture-973460_640.png"
"Kayla Pokorny","F","278","183","284","286","United States of America","https://content.protriathletes.org/content/images/2025/01/ffa4a1ef-28a6-49d3-bf13-5a1d835079ca.png"
"Jessica Smith","F","279","270","271","289","United States of America","https://content.protriathletes.org/content/images/2024/06/8d690468-9f8d-4d73-b10f-4e84e4c23d49.png"
"Erica Hawley","F","280","203","307","269","Bermuda","https://cdn.pixabay.com/photo/2015/10/05/22/37/blank-profile-picture-973460_640.png"
"Petra Eggenschwiler","F","281","376","260","275","Switzerland","https://cdn.pixabay.com/photo/2015/10/05/22/37/blank-profile-picture-973460_640.png"
"Danyella Eberle","F","282","317","241","301","Australia","https://cdn.pixabay.com/photo/2015/10/05/22/37/blank-profile-picture-973460_640.png"
"Sarah Spooner","F","283","263","265","281","United States of America","https://content.protriathletes.org/content/images/2026/04/b61a710b-9fba-4163-88d1-a1dc592d30f8.png"
"Morgan Branchoux","F","284","369","479","365","France","https://cdn.pixabay.com/photo/2015/10/05/22/37/blank-profile-picture-973460_640.png"
"Serena Xue","F","285","197","223","305","Canada","https://cdn.pixabay.com/photo/2015/10/05/22/37/blank-profile-picture-973460_640.png"
"Florencia Vasquez","F","286","323","274","185","Chile","https://cdn.pixabay.com/photo/2015/10/05/22/37/blank-profile-picture-973460_640.png"
"Eve Sealy","F","287","357","298","241","Great Britain","https://cdn.pixabay.com/photo/2015/10/05/22/37/blank-profile-picture-973460_640.png"
"Emily Tato","F","288","162","287","325","United States of America","https://cdn.pixabay.com/photo/2015/10/05/22/37/blank-profile-picture-973460_640.png"
"Diana Castillo Franco","F","289","196","305","296","Colombia","https://content.protriathletes.org/content/images/2023/03/b09f1c9e-8cdf-491a-8525-eb60a622fd04.png"
"Caterina Mariani","F","290","333","282","274","Switzerland","https://cdn.pixabay.com/photo/2015/10/05/22/37/blank-profile-picture-973460_640.png"
"Jessica Fullagar","F","291","273","297","279","Great Britain","https://content.protriathletes.org/content/images/2026/03/c6340d30-2f4d-4420-a654-90b972a05d64.png"
"Tanja Neubert","F","292","310","304","278","Germany","https://cdn.pixabay.com/photo/2015/10/05/22/37/blank-profile-picture-973460_640.png"
"Courtney Wevers","F","293","318","286","287","Australia","https://cdn.pixabay.com/photo/2015/10/05/22/37/blank-profile-picture-973460_640.png"
"Nicole Falcaro","F","294","336","285","283","United States of America","https://content.protriathletes.org/content/images/2024/03/ec333998-7ef3-4170-bdc9-bca31e914e62.png"
"Gabrielle Suver","F","295","327","329","250","United States of America","https://content.protriathletes.org/content/images/2025/01/ffa4a1ef-28a6-49d3-bf13-5a1d835079ca.png"
"Christine Massey","F","296","271","273","300","United States of America","https://content.protriathletes.org/content/images/2025/01/ffa4a1ef-28a6-49d3-bf13-5a1d835079ca.png"
"Danielle Donaldson","F","297","241","292","319","New Zealand","https://cdn.pixabay.com/photo/2015/10/05/22/37/blank-profile-picture-973460_640.png"
"Fernanda Penkal","F","298","291","190","292","Brazil","https://cdn.pixabay.com/photo/2015/10/05/22/37/blank-profile-picture-973460_640.png"
"Brittaney Talbot","F","299","293","300","277","United States of America","https://cdn.pixabay.com/photo/2015/10/05/22/37/blank-profile-picture-973460_640.png"
"Emma Claisse","F","300","340","306","280","Belgium","https://cdn.pixabay.com/photo/2015/10/05/22/37/blank-profile-picture-973460_640.png"
"Kathrin Halter","F","301","148","280","303","Germany","https://content.protriathletes.org/content/images/2022/05/da9414e6-ecbd-4c52-98dc-7e20c013e2c0.png"
"Elizabeth Heinbach","F","302","292","275","297","United States of America","https://cdn.pixabay.com/photo/2015/10/05/22/37/blank-profile-picture-973460_640.png"
"Amber Ferreira","F","303","295","288","313","United States of America","https://cdn.pixabay.com/photo/2015/10/05/22/37/blank-profile-picture-973460_640.png"
"Dieske Kruisselbrink","F","304","428","404","314","Netherlands","https://cdn.pixabay.com/photo/2015/10/05/22/37/blank-profile-picture-973460_640.png"
"Denise Cavallini","F","305","207","317","304","Italy","https://cdn.pixabay.com/photo/2015/10/05/22/37/blank-profile-picture-973460_640.png"
"Sloane Tilley","F","306","301","299","288","United States of America","https://content.protriathletes.org/content/images/2024/03/ec333998-7ef3-4170-bdc9-bca31e914e62.png"
"Mikayla Messer","F","307","168","308","352","Australia","https://cdn.pixabay.com/photo/2015/10/05/22/37/blank-profile-picture-973460_640.png"
"Judith Corachan Vaquera","F","308","306","335","306","Spain","https://content.protriathletes.org/content/images/2022/05/da9414e6-ecbd-4c52-98dc-7e20c013e2c0.png"
"Meghan Dirito","F","309","177","309","298","United States of America","https://content.protriathletes.org/content/images/2024/06/d22454c6-856d-4774-af4a-48ea8c1b8116.png"
"Eva Marsac","F","310","189","314","317","France","https://cdn.pixabay.com/photo/2015/10/05/22/37/blank-profile-picture-973460_640.png"
"Sif Bendix Madsen","F","311","303","296","386","Denmark","https://content.protriathletes.org/content/images/2023/05/600eb6c6-9645-474f-9a53-f6a2ef66564f.png"
"Dieuwertje Bax","F","312","335","301","302","Netherlands","https://cdn.pixabay.com/photo/2015/10/05/22/37/blank-profile-picture-973460_640.png"
"Kerry Morris","F","313","236","263","329","Australia","https://cdn.pixabay.com/photo/2015/10/05/22/37/blank-profile-picture-973460_640.png"
"Carolina Laurentiu","F","314","378","362","382","Spain","https://cdn.pixabay.com/photo/2015/10/05/22/37/blank-profile-picture-973460_640.png"
"Katharina Loidl","F","315","343","310","349","Austria","https://cdn.pixabay.com/photo/2015/10/05/22/37/blank-profile-picture-973460_640.png"
"Lauren Courtway","F","316","360","294","299","United States of America","https://cdn.pixabay.com/photo/2015/10/05/22/37/blank-profile-picture-973460_640.png"
"Simone Dailey","F","317","436","324","309","Great Britain","https://content.protriathletes.org/content/images/2024/04/dafd79a2-3587-45ca-b15a-1388ef22f98c.png"
"Chloe Coronado Winn","F","318","307","337","285","United States of America","https://cdn.pixabay.com/photo/2015/10/05/22/37/blank-profile-picture-973460_640.png"
"Clara Guimaraes Lara De Carvalho","F","319","364","369","267","Brazil","https://cdn.pixabay.com/photo/2015/10/05/22/37/blank-profile-picture-973460_640.png"
"Anna Guzman","F","320","348","311","318","United States of America","https://content.protriathletes.org/content/images/2024/06/d22454c6-856d-4774-af4a-48ea8c1b8116.png"
"Giovanna Alves Opipari","F","321","349","320","321","Brazil","https://cdn.pixabay.com/photo/2015/10/05/22/37/blank-profile-picture-973460_640.png"
"Zsofia Kovacs","F","322","224","352","308","Hungary","https://cdn.pixabay.com/photo/2015/10/05/22/37/blank-profile-picture-973460_640.png"
"Maya Kingma","F","323","274","303","359","Netherlands","https://content.protriathletes.org/content/images/2025/06/b937cfe4-f2a2-419c-9c0b-3f5c69be047d.png"
"Rachel Zilinskas","F","324","326","351","335","United States of America","https://content.protriathletes.org/content/images/2024/01/5f49650c-8522-4cd2-bea7-8684a3a0f0af.png"
"Cindy Lefebvre","F","325","341","332","312","Belgium","https://cdn.pixabay.com/photo/2015/10/05/22/37/blank-profile-picture-973460_640.png"
"Kylie Simpson","F","326","398","323","295","Australia","https://content.protriathletes.org/content/images/2024/04/dafd79a2-3587-45ca-b15a-1388ef22f98c.png"
"Margrit Elfers","F","327","305","276","345","Germany","https://cdn.pixabay.com/photo/2015/10/05/22/37/blank-profile-picture-973460_640.png"
"Brittany Vocke","F","328","285","302","326","United States of America","https://content.protriathletes.org/content/images/2024/05/bf1d703c-652d-4ff6-b845-314bbebaccd8.png"
"Therese Feuersinger","F","329","288","325","361","Austria","https://cdn.pixabay.com/photo/2015/10/05/22/37/blank-profile-picture-973460_640.png"
"Tanja Stroschneider","F","330","277","348","331","Austria","https://cdn.pixabay.com/photo/2015/10/05/22/37/blank-profile-picture-973460_640.png"
"Hanni Van Wyk","F","331","264","327","342","South Africa","https://cdn.pixabay.com/photo/2015/10/05/22/37/blank-profile-picture-973460_640.png"
"Anna Trützschler","F","332","231","336","336","Germany","https://cdn.pixabay.com/photo/2015/10/05/22/37/blank-profile-picture-973460_640.png"
"Haley Chura","F","333","268","339","356","United States of America","https://content.protriathletes.org/content/images/2024/05/bf1d703c-652d-4ff6-b845-314bbebaccd8.png"
"Ariadna Ariso Vilanova","F","334","269","341","310","Spain","https://cdn.pixabay.com/photo/2015/10/05/22/37/blank-profile-picture-973460_640.png"
"Adriana Carreno","F","335","272","365","284","Mexico","https://cdn.pixabay.com/photo/2015/10/05/22/37/blank-profile-picture-973460_640.png"
"Patricia Bueno Perez","F","336","356","333","380","Spain","https://cdn.pixabay.com/photo/2015/10/05/22/37/blank-profile-picture-973460_640.png"
"Carla Dahan","F","337","287","334","341","France","https://cdn.pixabay.com/photo/2015/10/05/22/37/blank-profile-picture-973460_640.png"
"Danielle De Francesco","F","338","281","318","369","Australia","https://content.protriathletes.org/content/images/2026/03/e725e376-0e38-4730-9b8d-72b6ff8b900e.png"
"Petra Kurikova","F","339","312","340","332","Czechia","https://content.protriathletes.org/content/images/2026/05/115bcefc-3406-43cd-bfd6-f4ca64e934e0.png"
"Emily Watts","F","340","414","316","324","Australia","https://cdn.pixabay.com/photo/2015/10/05/22/37/blank-profile-picture-973460_640.png"
"Babette Rosman","F","341","337","330","391","Netherlands","https://cdn.pixabay.com/photo/2015/10/05/22/37/blank-profile-picture-973460_640.png"
"Jolien Vermeylen","F","342","314","428","290","Belgium","https://cdn.pixabay.com/photo/2015/10/05/22/37/blank-profile-picture-973460_640.png"
"Elizabeth James","F","343","374","315","350","United States of America","https://content.protriathletes.org/content/images/2024/05/bf1d703c-652d-4ff6-b845-314bbebaccd8.png"
"Erika Ackerlund","F","344","334","376","362","United States of America","https://cdn.pixabay.com/photo/2015/10/05/22/37/blank-profile-picture-973460_640.png"
"Nathalie Krause","F","345","372","313","338","Germany","https://cdn.pixabay.com/photo/2015/10/05/22/37/blank-profile-picture-973460_640.png"
"Dorka Soos","F","346","259","359","353","Hungary","https://cdn.pixabay.com/photo/2015/10/05/22/37/blank-profile-picture-973460_640.png"
"Rikke Bjerg","F","347","479","342","357","Denmark","https://cdn.pixabay.com/photo/2015/10/05/22/37/blank-profile-picture-973460_640.png"
"Emely Ravn","F","348","381","322","373","Denmark","https://cdn.pixabay.com/photo/2015/10/05/22/37/blank-profile-picture-973460_640.png"
"Nikola Corbova","F","349","371","346","347","Slovakia","https://content.protriathletes.org/content/images/2023/03/6474d86d-eef0-46f0-acc4-d17810795bf7.png"
"Jennifer Wilke","F","350","351","344","334","Canada","https://cdn.pixabay.com/photo/2015/10/05/22/37/blank-profile-picture-973460_640.png"
"Saskia Haug","F","351","358","366","322","Germany","https://cdn.pixabay.com/photo/2015/10/05/22/37/blank-profile-picture-973460_640.png"
"Heather Low","F","352","363","331","330","Canada","https://cdn.pixabay.com/photo/2015/10/05/22/37/blank-profile-picture-973460_640.png"
"Natalie Mitchell","F","353","283","319","363","New Zealand","https://cdn.pixabay.com/photo/2015/10/05/22/37/blank-profile-picture-973460_640.png"
"Denise Hiemann","F","354","367","345","364","Germany","https://cdn.pixabay.com/photo/2015/10/05/22/37/blank-profile-picture-973460_640.png"
"Megan Foley","F","355","366","357","387","United States of America","https://cdn.pixabay.com/photo/2015/10/05/22/37/blank-profile-picture-973460_640.png"
"Dee Allen","F","356","344","347","327","Great Britain","https://cdn.pixabay.com/photo/2015/10/05/22/37/blank-profile-picture-973460_640.png"
"Mareike Guhl","F","357","361","350","333","Germany","https://cdn.pixabay.com/photo/2015/10/05/22/37/blank-profile-picture-973460_640.png"
"Anaïs Robin","F","358","362","355","293","France","https://cdn.pixabay.com/photo/2015/10/05/22/37/blank-profile-picture-973460_640.png"
"Hanna Maksimova","F","359","308","383","320","Belarus","https://content.protriathletes.org/content/images/2023/03/6474d86d-eef0-46f0-acc4-d17810795bf7.png"
"Maja Indermühle","F","360","375","321","346","Switzerland","https://content.protriathletes.org/content/images/2025/03/7d249f7e-cb4b-46d8-bf4f-341ff6656dce.png"
"Elizabeth Nyitray","F","361","466","471","479","United States of America","https://content.protriathletes.org/content/images/2021/10/f07f06d9-78a7-4a2d-a756-6c612f0cdef8.png"
"Kristina Krelke","F","362","355","349","351","Germany","https://cdn.pixabay.com/photo/2015/10/05/22/37/blank-profile-picture-973460_640.png"
"Micah Gay","F","363","253","364","307","Canada","https://cdn.pixabay.com/photo/2015/10/05/22/37/blank-profile-picture-973460_640.png"
"Demi Birch","F","364","329","353","384","Australia","https://content.protriathletes.org/content/images/2025/05/19f74564-067e-4213-a739-56ac9af8794a.png"
"Laura Siddall","F","365","382","326","379","Great Britain","https://content.protriathletes.org/content/images/2023/03/6474d86d-eef0-46f0-acc4-d17810795bf7.png"
"Baiba Medne","F","366","353","360","337","Latvia","https://cdn.pixabay.com/photo/2015/10/05/22/37/blank-profile-picture-973460_640.png"
"Michelle Krebs","F","367","392","356","389","Switzerland","https://cdn.pixabay.com/photo/2015/10/05/22/37/blank-profile-picture-973460_640.png"
"Maria Cristina Becerra Garzon","F","368","261","371","355","Colombia","https://cdn.pixabay.com/photo/2015/10/05/22/37/blank-profile-picture-973460_640.png"
"Marta Menditto","F","369","408","387","339","Italy","https://cdn.pixabay.com/photo/2015/10/05/22/37/blank-profile-picture-973460_640.png"
"Lena Vaillier","F","370","321","380","411","France","https://cdn.pixabay.com/photo/2015/10/05/22/37/blank-profile-picture-973460_640.png"
"Chloe Lane","F","371","380","381","367","Australia","https://content.protriathletes.org/content/images/2025/05/19f74564-067e-4213-a739-56ac9af8794a.png"
"Maria Varo Zubiri","F","372","431","401","323","Spain","https://cdn.pixabay.com/photo/2015/10/05/22/37/blank-profile-picture-973460_640.png"
"Liz Licea","F","373","385","372","368","United States of America","https://content.protriathletes.org/content/images/2025/02/cde0f833-3684-4415-954c-9bd17c7c9baa.png"
"Laura Addie","F","374","373","358","405","Great Britain","https://cdn.pixabay.com/photo/2015/10/05/22/37/blank-profile-picture-973460_640.png"
"Marit Lindemann","F","375","449","373","344","Germany","https://cdn.pixabay.com/photo/2015/10/05/22/37/blank-profile-picture-973460_640.png"
"Sian Munks","F","376","322","370","399","Australia","https://cdn.pixabay.com/photo/2015/10/05/22/37/blank-profile-picture-973460_640.png"
"Kate Gillespie-Jones","F","377","393","343","410","Australia","https://content.protriathletes.org/content/images/2025/05/19f74564-067e-4213-a739-56ac9af8794a.png"
"Caitlin Switaj","F","378","328","390","377","United States of America","https://content.protriathletes.org/content/images/2025/02/cde0f833-3684-4415-954c-9bd17c7c9baa.png"
"Christine Verdonck","F","379","383","361","429","Belgium","https://cdn.pixabay.com/photo/2015/10/05/22/37/blank-profile-picture-973460_640.png"
"Maja Betz","F","380","389","363","348","Germany","https://content.protriathletes.org/content/images/2023/03/6474d86d-eef0-46f0-acc4-d17810795bf7.png"
"Line Bonde","F","381","427","338","412","Denmark","https://cdn.pixabay.com/photo/2015/10/05/22/37/blank-profile-picture-973460_640.png"
"Caroline Shannon","F","382","368","328","376","United States of America","https://cdn.pixabay.com/photo/2015/10/05/22/37/blank-profile-picture-973460_640.png"
"Sophie Fischer","F","383","235","377","378","Germany","https://cdn.pixabay.com/photo/2015/10/05/22/37/blank-profile-picture-973460_640.png"
"Nelly Rassmann","F","384","390","374","375","Germany","https://content.protriathletes.org/content/images/2023/03/6474d86d-eef0-46f0-acc4-d17810795bf7.png"
"Maria Vilas Vidal","F","385","354","389","446","Spain","https://cdn.pixabay.com/photo/2015/10/05/22/37/blank-profile-picture-973460_640.png"
"Olivia Keiser","F","386","440","402","340","Switzerland","https://cdn.pixabay.com/photo/2015/10/05/22/37/blank-profile-picture-973460_640.png"
"Mizuki Hirayanagi","F","387","404","378","385","Japan","https://content.protriathletes.org/content/images/2025/05/19f74564-067e-4213-a739-56ac9af8794a.png"
"Julia Klein","F","388","396","386","374","Germany","https://cdn.pixabay.com/photo/2015/10/05/22/37/blank-profile-picture-973460_640.png"
"Stephanie Demestichas","F","389","347","412","370","Australia","https://content.protriathletes.org/content/images/2025/05/19f74564-067e-4213-a739-56ac9af8794a.png"
"Xinyu Lin","F","390","387","396","383","China","https://cdn.pixabay.com/photo/2015/10/05/22/37/blank-profile-picture-973460_640.png"
"Heloise Bottin","F","391","411","391","396","France","https://cdn.pixabay.com/photo/2015/10/05/22/37/blank-profile-picture-973460_640.png"
"Brittani Shappell","F","392","474","354","408","United States of America","https://content.protriathletes.org/content/images/2025/02/cde0f833-3684-4415-954c-9bd17c7c9baa.png"
"Alicja Ulatowska","F","393","325","399","421","Poland","https://cdn.pixabay.com/photo/2015/10/05/22/37/blank-profile-picture-973460_640.png"
"Eneritz Urrutia Tena","F","394","452","375","390","Spain","https://cdn.pixabay.com/photo/2015/10/05/22/37/blank-profile-picture-973460_640.png"
"Nicole Pelin","F","395","456","419","343","Sweden","https://cdn.pixabay.com/photo/2015/10/05/22/37/blank-profile-picture-973460_640.png"
"Gurutze Frades Larralde","F","396","486","394","360","Spain","https://content.protriathletes.org/content/images/2021/03/a9bfe739-d52b-40ca-b7d4-187aa357b148.png"
"Misaki Tanaka","F","397","346","395","394","Japan","https://cdn.pixabay.com/photo/2015/10/05/22/37/blank-profile-picture-973460_640.png"
"Jenna Campbell","F","398","313","367","476","United States of America","https://cdn.pixabay.com/photo/2015/10/05/22/37/blank-profile-picture-973460_640.png"
"Marina Munoz Hernando","F","399","410","398","457","Spain","https://cdn.pixabay.com/photo/2015/10/05/22/37/blank-profile-picture-973460_640.png"
"Hadas Mazar","F","400","409","400","393","Israel","https://cdn.pixabay.com/photo/2015/10/05/22/37/blank-profile-picture-973460_640.png"
"Salome De Barthez","F","401","384","421","372","France","https://cdn.pixabay.com/photo/2015/10/05/22/37/blank-profile-picture-973460_640.png"
"Hannah Sakaluk","F","402","338","405","392","United States of America","https://cdn.pixabay.com/photo/2015/10/05/22/37/blank-profile-picture-973460_640.png"
"Georgina Canovas Alonso","F","403","370","458","311","Spain","https://cdn.pixabay.com/photo/2015/10/05/22/37/blank-profile-picture-973460_640.png"
"Carly Zanatta","F","404","478","397","354","Canada","https://cdn.pixabay.com/photo/2015/10/05/22/37/blank-profile-picture-973460_640.png"
"Larissa Jasper","F","405","397","379","448","Germany","https://cdn.pixabay.com/photo/2015/10/05/22/37/blank-profile-picture-973460_640.png"
"Marija Lukina","F","406","446","406","395","Croatia","https://cdn.pixabay.com/photo/2015/10/05/22/37/blank-profile-picture-973460_640.png"
"Elizabeth Bravo","F","407","402","410","397","Ecuador","https://cdn.pixabay.com/photo/2015/10/05/22/37/blank-profile-picture-973460_640.png"
"Alicia Gutierrez Benito","F","408","453","388","409","Spain","https://cdn.pixabay.com/photo/2015/10/05/22/37/blank-profile-picture-973460_640.png"
"Morena Stevens","F","409","435","418","404","Netherlands","https://cdn.pixabay.com/photo/2015/10/05/22/37/blank-profile-picture-973460_640.png"
"Cristina Bru Clotet","F","410","418","407","441","Spain","https://cdn.pixabay.com/photo/2015/10/05/22/37/blank-profile-picture-973460_640.png"
"Amélie Harter","F","411","420","433","366","France","https://cdn.pixabay.com/photo/2015/10/05/22/37/blank-profile-picture-973460_640.png"
"Kimberley Halton-Farrow","F","412","403","385","416","Great Britain","https://content.protriathletes.org/content/images/2021/04/90c5c7a8-f87b-47f5-a143-38713386361f.png"
"Katie Treston-Tomey","F","413","406","416","406","United States of America","https://cdn.pixabay.com/photo/2015/10/05/22/37/blank-profile-picture-973460_640.png"
"Claudia Carmela Paladini","F","414","350","423","445","Italy","https://cdn.pixabay.com/photo/2015/10/05/22/37/blank-profile-picture-973460_640.png"
"Brianna Troksa","F","415","481","413","381","United States of America","https://cdn.pixabay.com/photo/2015/10/05/22/37/blank-profile-picture-973460_640.png"
"Wang Siyu","F","416","394","420","415","China","https://cdn.pixabay.com/photo/2015/10/05/22/37/blank-profile-picture-973460_640.png"
"Barbora Besperat","F","417","471","403","413","Czechia","https://cdn.pixabay.com/photo/2015/10/05/22/37/blank-profile-picture-973460_640.png"
"Rachel Faulds","F","418","407","417","422","Canada","https://cdn.pixabay.com/photo/2015/10/05/22/37/blank-profile-picture-973460_640.png"
"Kristina Grieger","F","419","443","409","420","Germany","https://cdn.pixabay.com/photo/2015/10/05/22/37/blank-profile-picture-973460_640.png"
"Sarah Bishop","F","420","476","392","463","United States of America","https://content.protriathletes.org/content/images/2021/03/650049a0-9cc0-40af-b0b8-a1681917e462.png"
"Lisa Watschinger","F","421","413","430","459","Italy","https://cdn.pixabay.com/photo/2015/10/05/22/37/blank-profile-picture-973460_640.png"
"Meredith Kessler","F","422","386","393","483","United States of America","https://content.protriathletes.org/content/images/2021/04/abbfadca-a01e-431f-a5a5-2e2cfb1a1a1a.png"
"Claire Weller","F","423","437","382","442","Great Britain","https://cdn.pixabay.com/photo/2015/10/05/22/37/blank-profile-picture-973460_640.png"
"Callie Stirling","F","424","438","446","419","Canada","https://cdn.pixabay.com/photo/2015/10/05/22/37/blank-profile-picture-973460_640.png"
"Caitlin Davis","F","425","419","411","432","Australia","https://cdn.pixabay.com/photo/2015/10/05/22/37/blank-profile-picture-973460_640.png"
"Antonina Reznikov","F","426","422","426","486","Israel","https://content.protriathletes.org/content/images/2021/04/86eb16eb-52fc-4e17-a556-52962b5552eb.png"
"Danielle Treise","F","427","417","425","426","United States of America","https://content.protriathletes.org/content/images/2021/03/650049a0-9cc0-40af-b0b8-a1681917e462.png"
"Laura Armstrong","F","428","430","427","427","New Zealand","https://cdn.pixabay.com/photo/2015/10/05/22/37/blank-profile-picture-973460_640.png"
"Jordan Tissink","F","429","442","422","444","Germany","https://cdn.pixabay.com/photo/2015/10/05/22/37/blank-profile-picture-973460_640.png"
"Janina Saarnio","F","430","488","472","388","Finland","https://cdn.pixabay.com/photo/2015/10/05/22/37/blank-profile-picture-973460_640.png"
"Emily Pincus","F","431","330","457","428","United States of America","https://cdn.pixabay.com/photo/2015/10/05/22/37/blank-profile-picture-973460_640.png"
"Maisa Tuliniemi","F","432","499","499","499","Finland","https://cdn.pixabay.com/photo/2015/10/05/22/37/blank-profile-picture-973460_640.png"
"Sarah Karollus","F","433","423","432","435","Germany","https://content.protriathletes.org/content/images/2024/06/03235283-848d-4f98-ad28-e9e1d7019c05.png"
"Kseniia Levkovska","F","434","400","441","443","Azerbaijan","https://cdn.pixabay.com/photo/2015/10/05/22/37/blank-profile-picture-973460_640.png"
"Aleksandra Banbor","F","435","345","445","451","Poland","https://cdn.pixabay.com/photo/2015/10/05/22/37/blank-profile-picture-973460_640.png"
"Kristin Liepold","F","436","447","439","431","Germany","https://content.protriathletes.org/content/images/2021/04/86eb16eb-52fc-4e17-a556-52962b5552eb.png"
"Gabriela Kaczka-Sanak","F","437","441","435","434","Poland","https://cdn.pixabay.com/photo/2015/10/05/22/37/blank-profile-picture-973460_640.png"
"Kinsey Mattison","F","438","434","450","464","United States of America","https://cdn.pixabay.com/photo/2015/10/05/22/37/blank-profile-picture-973460_640.png"
"Jessica Turanec","F","439","429","431","449","Canada","https://cdn.pixabay.com/photo/2015/10/05/22/37/blank-profile-picture-973460_640.png"
"Helena Herrero Gomez","F","440","450","440","424","Spain","https://content.protriathletes.org/content/images/2021/04/86eb16eb-52fc-4e17-a556-52962b5552eb.png"
"Sammie Amery","F","441","445","424","452","Great Britain","https://cdn.pixabay.com/photo/2015/10/05/22/37/blank-profile-picture-973460_640.png"
"Laia Nadal Baro","F","442","462","442","398","Spain","https://cdn.pixabay.com/photo/2015/10/05/22/37/blank-profile-picture-973460_640.png"
"Inbal Haddad","F","443","475","480","423","Israel","https://cdn.pixabay.com/photo/2015/10/05/22/37/blank-profile-picture-973460_640.png"
"Nicole Luse","F","444","454","447","417","United States of America","https://content.protriathletes.org/content/images/2021/05/b995dcc2-5227-4aa7-8414-ab46c6eb075c.png"
"Caroline Livesey","F","445","444","408","473","Great Britain","https://cdn.pixabay.com/photo/2015/10/05/22/37/blank-profile-picture-973460_640.png"
"Kaja Wright Bergwitz-Larsen","F","446","465","443","437","Norway","https://cdn.pixabay.com/photo/2015/10/05/22/37/blank-profile-picture-973460_640.png"
"Kaiye Mai","F","447","425","476","438","China","https://cdn.pixabay.com/photo/2015/10/05/22/37/blank-profile-picture-973460_640.png"
"Catalina Salazar Ezquerra","F","448","377","454","447","Chile","https://cdn.pixabay.com/photo/2015/10/05/22/37/blank-profile-picture-973460_640.png"
"Inbar Zahavi","F","449","399","444","455","Israel","https://cdn.pixabay.com/photo/2015/10/05/22/37/blank-profile-picture-973460_640.png"
"Alexandra Vano","F","450","459","448","414","France","https://cdn.pixabay.com/photo/2015/10/05/22/37/blank-profile-picture-973460_640.png"
"Ghizlane Assou","F","451","458","455","418","Spain","https://cdn.pixabay.com/photo/2015/10/05/22/37/blank-profile-picture-973460_640.png"
"Friedel Cuypers","F","452","469","449","400","Belgium","https://cdn.pixabay.com/photo/2015/10/05/22/37/blank-profile-picture-973460_640.png"
"Chloe Serra Jodin","F","453","365","453","453","Spain","https://cdn.pixabay.com/photo/2015/10/05/22/37/blank-profile-picture-973460_640.png"
"Lora Zulicek-Dumancic","F","454","467","473","371","Croatia","https://cdn.pixabay.com/photo/2015/10/05/22/37/blank-profile-picture-973460_640.png"
"Anna Maria Melzer","F","455","432","459","439","Germany","https://cdn.pixabay.com/photo/2015/10/05/22/37/blank-profile-picture-973460_640.png"
"Lirany Gutierrez","F","456","433","478","450","Colombia","https://cdn.pixabay.com/photo/2015/10/05/22/37/blank-profile-picture-973460_640.png"
"Nicole Valentine","F","457","473","438","472","United States of America","https://cdn.pixabay.com/photo/2015/10/05/22/37/blank-profile-picture-973460_640.png"
"Elise Pozzebon","F","458","352","451","471","France","https://cdn.pixabay.com/photo/2015/10/05/22/37/blank-profile-picture-973460_640.png"
"Ivette Sanchez Aymerich","F","459","470","436","497","Spain","https://cdn.pixabay.com/photo/2015/10/05/22/37/blank-profile-picture-973460_640.png"
"Angharad Llewellyn","F","460","359","456","478","New Zealand","https://cdn.pixabay.com/photo/2015/10/05/22/37/blank-profile-picture-973460_640.png"
"Sonia Tomegros Regalado","F","461","464","461","462","Spain","https://cdn.pixabay.com/photo/2015/10/05/22/37/blank-profile-picture-973460_640.png"
"Kelsey Barnholt","F","462","483","462","401","United States of America","https://cdn.pixabay.com/photo/2015/10/05/22/37/blank-profile-picture-973460_640.png"
"Sofia Gelati","F","463","461","485","425","Brazil","https://content.protriathletes.org/content/images/2024/06/a0c2337f-e741-4cd5-907e-3c3c8982bf61.png"
"Laura Strack","F","464","468","460","458","Germany","https://cdn.pixabay.com/photo/2015/10/05/22/37/blank-profile-picture-973460_640.png"
"Lauren Burgett","F","465","426","452","468","United States of America","https://cdn.pixabay.com/photo/2015/10/05/22/37/blank-profile-picture-973460_640.png"
"Dominique Lothaller","F","466","477","464","456","Austria","https://cdn.pixabay.com/photo/2015/10/05/22/37/blank-profile-picture-973460_640.png"
"Shyanne Mcgregor","F","467","460","414","475","United States of America","https://cdn.pixabay.com/photo/2015/10/05/22/37/blank-profile-picture-973460_640.png"
"Sabrina Exenberger","F","468","472","468","436","Austria","https://cdn.pixabay.com/photo/2015/10/05/22/37/blank-profile-picture-973460_640.png"
"Hadar Shahar","F","469","395","463","466","Israel","https://cdn.pixabay.com/photo/2015/10/05/22/37/blank-profile-picture-973460_640.png"
"Valentina D'Angeli","F","470","482","429","484","Italy","https://cdn.pixabay.com/photo/2015/10/05/22/37/blank-profile-picture-973460_640.png"
"Meghan Grant","F","471","463","465","470","United States of America","https://cdn.pixabay.com/photo/2015/10/05/22/37/blank-profile-picture-973460_640.png"
"Maddi Marquet Ferran","F","472","457","437","489","Spain","https://cdn.pixabay.com/photo/2015/10/05/22/37/blank-profile-picture-973460_640.png"
"Luma Maruci Guillen","F","473","448","483","467","Brazil","https://cdn.pixabay.com/photo/2015/10/05/22/37/blank-profile-picture-973460_640.png"
"Aitziber Urkiola Zendoia","F","474","439","469","465","Spain","https://cdn.pixabay.com/photo/2015/10/05/22/37/blank-profile-picture-973460_640.png"
"Matilde Salati","F","475","391","470","461","Italy","https://cdn.pixabay.com/photo/2015/10/05/22/37/blank-profile-picture-973460_640.png"
"Eider Bereziartua Agirre","F","476","500","500","500","Spain","https://cdn.pixabay.com/photo/2015/10/05/22/37/blank-profile-picture-973460_640.png"
"Sara Durazzi","F","477","424","474","474","Italy","https://cdn.pixabay.com/photo/2015/10/05/22/37/blank-profile-picture-973460_640.png"
"Saskia Kaes","F","478","415","467","482","Germany","https://cdn.pixabay.com/photo/2015/10/05/22/37/blank-profile-picture-973460_640.png"
"Shylah Andrews","F","479","485","466","440","United States of America","https://cdn.pixabay.com/photo/2015/10/05/22/37/blank-profile-picture-973460_640.png"
"Carolyn Carter","F","480","455","475","480","United States of America","https://cdn.pixabay.com/photo/2015/10/05/22/37/blank-profile-picture-973460_640.png"
"Melanie McQuaid","F","481","401","415","487","Canada","https://content.protriathletes.org/content/images/2021/12/d9af9715-e4cb-4e18-a52f-5fd010c423b2.png"
"Aitana Abalos Campoy","F","482","416","481","485","Spain","https://cdn.pixabay.com/photo/2015/10/05/22/37/blank-profile-picture-973460_640.png"
"Fabia Maramotti","F","483","405","434","477","Italy","https://cdn.pixabay.com/photo/2015/10/05/22/37/blank-profile-picture-973460_640.png"
"Eva Rodriguez De Trujillo Campo-cossio","F","484","489","482","454","Spain","https://cdn.pixabay.com/photo/2015/10/05/22/37/blank-profile-picture-973460_640.png"
"Noa Cafri","F","485","451","477","481","Israel","https://cdn.pixabay.com/photo/2015/10/05/22/37/blank-profile-picture-973460_640.png"
"Ainhoa Alvarez Ajuria","F","486","480","484","460","Spain","https://cdn.pixabay.com/photo/2015/10/05/22/37/blank-profile-picture-973460_640.png"
"Dede Griesbauer","F","487","412","384","488","United States of America","https://cdn.pixabay.com/photo/2015/10/05/22/37/blank-profile-picture-973460_640.png"
"Flora Colledge","F","488","487","486","402","Switzerland","https://cdn.pixabay.com/photo/2015/10/05/22/37/blank-profile-picture-973460_640.png"
"Sandra Martinez Sierra","F","489","495","488","469","Spain","https://cdn.pixabay.com/photo/2015/10/05/22/37/blank-profile-picture-973460_640.png"
"Ines Moreno Sanchez","F","490","490","487","491","Spain","https://cdn.pixabay.com/photo/2015/10/05/22/37/blank-profile-picture-973460_640.png"
"Victoria Benavides Lopez De Ayala","F","491","492","489","430","Spain","https://cdn.pixabay.com/photo/2015/10/05/22/37/blank-profile-picture-973460_640.png"
"Susana Sevillano Arevalo","F","492","388","493","492","Spain","https://cdn.pixabay.com/photo/2015/10/05/22/37/blank-profile-picture-973460_640.png"
"Larraitz Torrontegui Roo","F","493","484","494","493","Spain","https://cdn.pixabay.com/photo/2015/10/05/22/37/blank-profile-picture-973460_640.png"
"Andrea Iglesias Carballido","F","494","498","492","407","Spain","https://cdn.pixabay.com/photo/2015/10/05/22/37/blank-profile-picture-973460_640.png"
"Alma Quintana Roman","F","495","491","496","490","Spain","https://cdn.pixabay.com/photo/2015/10/05/22/37/blank-profile-picture-973460_640.png"
"Fernanda Fleischmann Olguin","F","496","496","497","403","Spain","https://cdn.pixabay.com/photo/2015/10/05/22/37/blank-profile-picture-973460_640.png"
"Luca Lotti Toth","F","497","421","491","494","Spain","https://cdn.pixabay.com/photo/2015/10/05/22/37/blank-profile-picture-973460_640.png"
"Essie Amery","F","498","497","495","495","Great Britain","https://cdn.pixabay.com/photo/2015/10/05/22/37/blank-profile-picture-973460_640.png"
"Naiade Velasco Rodriguez","F","499","494","490","496","Spain","https://cdn.pixabay.com/photo/2015/10/05/22/37/blank-profile-picture-973460_640.png"
"Carmen Maria Rodriguez Gomez","F","500","493","498","498","Spain","https://cdn.pixabay.com/photo/2015/10/05/22/37/blank-profile-picture-973460_640.png"